,id,created_at,text,fav,RT,rate
1106,9.76360062758175E+017,2018-03-21 07:29:13,画像のURLを入れると、それに似たAV女優の名前、合致度と、DMMの出演している動画リストが見れるページのリンクを返す、変態博士が完成したぞ。 https://t.co/gHUj6qH24P,29722,18311,61.6075634210349
313,9.88815476229751E+017,2018-04-24 16:22:35,まだ全然できていませんが、めっちゃくちゃ需要がありそうなので、文字起こし君のチュートリアル作ることにしました。まだ完成したソースコードのっけただけですが、これからどんどん書き足していきます。最初は1980円で販売しますが、購入者が… https://t.co/Ot0sPUSKUV,886,243,27.4266365688488
451,9.86926786159104E+017,2018-04-19 11:17:36,【100RTいったら作ります】PythonのWebフレームワークFlaskを利用した、ローカルで動くツイッター自動いいね+フォロワー分析アプリの作り方を、0から解説したいと思います。かなりの文量になりそうなので、需要があればや… https://t.co/HAifyky8AV,223,119,53.3632286995516
1030,9.77788745167421E+017,2018-03-25 06:06:17,技術的な情報はオープンにすべきだと思うけど、ちゃんとしたチュートリアル書くのって相当モチベーションないとできないのよね。大変だから。だからnoteでチュートリアルをマネタイズできる仕組み作ってくれたの、めっちゃくちゃありがたい。日… https://t.co/J94qIezBC9,152,47,30.9210526315789
250,9.89443987567071E+017,2018-04-26 10:00:04,記事のタイトルをAIにするメリットは・偏差値70の人が「これAIじゃないでしょ」と拡散する・偏差値30の人が「わーAIすごぃー」と拡散するつまりどっちのパイも取れるわけです。これをコテコテの技術用語にすると偏差値80くらいの狭い集団にしか届きません。,150,36,24
157,9.90406857989632E+017,2018-04-29 01:46:10,【100RTいったらやります】『技術チュートリアルのマーケティング論』書こうと思うのですが、需要ありますかね。先月26万、今月76万稼いでいるので再現性はあるかとは思います。エンジニアリング X マーケティングができると作って… https://t.co/zF72Ta9Tyo,137,110,80.2919708029197
414,9.87675041729933E+017,2018-04-21 12:50:54,お金に縛られない環境を作る努力をすると、結果として逆にお金が増えてきやすい環境になる。お金に縛られると、時間投資でその場しのぎし、人間はクリエイティブに時間を使えなる。時間で解決しようとすると絶対に赤くなる。若いうちで余裕があるときこそ二毛作でクリエイティブに時間を投資すべき。,110,40,36.3636363636364
262,9.89276956851032E+017,2018-04-25 22:56:21,プログラミングって寿命を延ばす薬だと思うんだよなぁ。今までルーティンで死んでいた時間を排除して、生きている感覚を得られるような時間をプログラミングで得られるなら。そしてその寿命を延ばせる領域は、エンジニアリング意外の仕事が大きそう。例えば保育とか。,99,27,27.2727272727273
956,9.79324367657059E+017,2018-03-29 11:48:18,労働ってなんだ。仕事終わった後にシコシコとスケベなネタ書いているだけで20万円入るのに、それの3倍以上の時間かけて正社員で働く意義ってなんだ。なんかわからなくなってきてしまった。働くってなんだ。 https://t.co/5jd1d5cHji,94,30,31.9148936170213
296,9.89103387428848E+017,2018-04-25 11:26:38,47000人がたった1人のおじさんに仕事を押し付けたせいでニートになってしまったみたいなので、是非みみなさまがオリジナルの文字おこしくん作ってください https://t.co/dv3XBHlYK5,93,21,22.5806451612903
299,9.88968301530304E+017,2018-04-25 02:29:51,基本的にバズってるアプリは全部マッシュアップアプリなので、こういうの作ってみたい人はぜひ！https://t.co/zj3i6tbAfh,90,12,13.3333333333333
322,9.88798391801921E+017,2018-04-24 15:14:42,ちなみに今回実装したのは、Google Apps Scriptだけです。サーバレスの環境で作ってます。こんな簡単に作れるのに何でみんな作らないんだろうか不思議でたまらない。Web APIのマッシュアップアプリなんてHTTPの通信さ… https://t.co/WtUB3KBX9v,90,15,16.6666666666667
31,9.91251710218723E+017,2018-05-01 09:43:18,日本人のほとんどが「自分のキャリアを線形で予測できる」という前提でキャリア論を話してるけど、それよりも不確実性の中で最適化する方がよっぽど大事だと思うなぁ。人生は線形予測できるものではなく、機械学習していくものなんじゃないかと思う。,89,12,13.4831460674157
1052,9.77343174300418E+017,2018-03-24 00:35:45,noteでスケベAIの作り方まとめたら読みたい人いますか。電子書籍化して出そうかと考えています。 https://t.co/ZJ2zF8htzf,81,15,18.5185185185185
1212,9.74851099533324E+017,2018-03-17 03:33:08,人間は情報がリッチになるほど、情報に対する想像力がなくなるから刺激が少なくなる。最高の拡張現実は振動通知って話とても面白かった。AVより官能小説の方がエロいのとも似てる気がする。ドラクエのドット絵好きもそうだなぁ。,75,41,54.6666666666667
1062,9.77322699004391E+017,2018-03-23 23:14:23,前に落合陽一さんの本で、「魔術を一つも知らない(ブラックボックスの中身がわからない)人は、コンピューターの下請け、もしくはインターフェイスになる」とおっしゃっていたんだけど、今回インターフェイスのデザインって結構キモなんだと思った… https://t.co/Kp1wOvC4l6,73,34,46.5753424657534
311,9.88817212982022E+017,2018-04-24 16:29:29,「LINEじゃなくてもできる」っていう意見が多いのですが、最先端の技術は民主化されなければ利用されません。そこらへんのおじいちゃんや中学生連れてきてできるかって考えると、まだGoogle DocumentもOffice Lensで… https://t.co/Ke3wczWBEz,71,31,43.6619718309859
978,9.78637474699227E+017,2018-03-27 14:18:50,これめっちゃいい。すっげぇ興奮する。中学生、高校生のころのこのころのエネルギーってマジでわくわくするよなぁ。https://t.co/3bgZikNNqz,70,29,41.4285714285714
244,9.89451475972645E+017,2018-04-26 10:29:49,ちょっとしたアイディアも、作って(プログラミング)売れる(マーケティング)時代、さくっとプロトタイプ作れるのってめっちゃくちゃ大事なんですよね。例えば文字おこし君なんてものも、２日で30万円の売り上げがあるわけで。プログラミングはエンジニアだけのためにあるわけではないってことです,69,12,17.3913043478261
913,9.79915263687602E+017,2018-03-31 02:56:19,僕は今こういう病気にかかっています。助けてください。 https://t.co/JlP1ryuVf7,69,18,26.0869565217391
300,9.88968140921958E+017,2018-04-25 02:29:13,もう機械学習はWeb API使えば中身ブラックボックスでも十分使えます。Googleなどの膨大なデータをもとにかなり精度の良いもの提供してくれるので。意思決定のための分析レベルではまだ無理ですが、実装レベルではもう民主化されてますhttps://t.co/zj3i6tbAfh,69,11,15.9420289855072
256,9.89336040409219E+017,2018-04-26 02:51:07,「文系だからできない」なんてことはないですよ！よっぽど大規模な開発でなければ、プログラミングで数学関わるところはほとんどないので。適切な手順で、適切な学習で学べば、独学でも2年あれば文字起こし君くらいは簡単に作れます(ソースは僕)https://t.co/NyFC0h5JdK,68,11,16.1764705882353
257,9.89332419428762E+017,2018-04-26 02:36:44,エンジニアからみたら「え、これがAI？バロスwww」て感じだけど、利用者からみたらごりごり社内でデータ環境整えて複雑な分析してようが、機械学習API使ってようが大差ないんだよなぁ。,67,9,13.4328358208955
252,9.89442240270352E+017,2018-04-26 09:53:07,「文字おこし君、AIじゃなくない？」ってツイートくるんですけど、それを狙ってます。同じコンテンツでも、「Line Messaging APIを利用した、OCRアプリを作ってみたよー」じゃ多分バズらないです。プラスにもマイナスにも感情を動かして拡散させないと書いた意味がない。,64,14,21.875
235,9.89508438605484E+017,2018-04-26 14:16:10,消費する趣味を覚えてしまったら、永遠にお金は必要になるんだろうけど、趣味が音楽とプログラミングしかないからひたすら生産する趣味しかないので勝手に貯まる。お金が欲しい人は生産する趣味を覚えて消費を減らし、遊んだ結果お金を稼げるように… https://t.co/OZl2qhErzx,59,18,30.5084745762712
135,9.90507875368714E+017,2018-04-29 08:27:34,noteで記事が売れるかは、日々のツイートで検証するとよいです。ツイートした内容のいいねが多かったり、RTが多いということはそれだけ情報に価値があるということの証明ですし、逆にツイートの内容がスルーされるようだったらnoteでも売れないです。スモールスタートで仮説検証しましょう。,58,8,13.7931034482759
153,9.90409271740318E+017,2018-04-29 01:55:45,世の中には創れる人がめっちゃくちゃいるのに、マージン取られすぎてて消耗しているのマジで社会構造歪んでる気がするんだよな。創れる人が売れるようになれば、その構造がぶっ壊れるので、クリエイターが個人で創って売れる世界を創れれば、本当に個人の世界にできそうなんだよなぁ,57,9,15.7894736842105
417,9.87669943729644E+017,2018-04-21 12:30:39,サラリーマンやりながら技術チュートリアルシコシコ書いて、2カ月でnoteの売り上げ50万円超えて学んだことは・サラリーマンで評価上げて年収上げるよりも、自分でコンテンツ作って売ったほうが確実に簡単・寝ててもお金入るので労働と… https://t.co/z0p93y3xSO,57,15,26.3157894736842
1082,9.76979843530113E+017,2018-03-23 00:32:00,さすがにリリース一日で1万ユーザーは想定していなかった https://t.co/aKTJVub4r7,57,17,29.8245614035088
567,9.85001539277177E+017,2018-04-14 03:47:22,初心者こそ、おそれずにツイッターでアウトプットすべきだと思います。・情報を発信していると、フォロワーが増える・フォロワーが増えると親切な人が助けてくれる・親切な人とのリアルな出会いが、仕事につながる（案件をもらったり）・詳しい人から情報が集まる,57,15,26.3157894736842
853,9.8062954077814E+017,2018-04-02 02:14:36,あとでじっくり読もう。面白い。 https://t.co/87WozSQ9Z9,54,14,25.9259259259259
442,9.87089545719001E+017,2018-04-19 22:04:21,英語を学ぶときに一番効率的だったのは、・好きな洋楽のバンドの歌詞をすべて覚える・細かい文法を調べていく・自分で歌詞を書くって方法で、これをプログラミングにすると・チュートリアルを通す・細かいところググる・自分でプロダクト作るって感じになる。,54,10,18.5185185185185
654,9.83654382590821E+017,2018-04-10 10:34:14,プログラミング最初本当に訳わからなかったけど、やっとわかるようになった時の学習方法は・何を作りたいのか決める・何を学べばできるのかメンターに聞く・そこから学習ルート決めてもらって、ひたすらコード書く・つまづいたらメンターに聞くでした。これでだいぶ変わります。,52,10,19.2307692307692
52,9.91095193788072E+017,2018-04-30 23:21:22,今日一で一番刺激受けた。この世代はすごい。学校の先生が何を言おうが、フォロワーを集めて人気を取れば経済的に正しさを証明できる。友達でインフルエンサーとか普通にいる世代だろうし、はるかに僕らの世代よりも、信用経済を身近に感じる人がい… https://t.co/jQoXXW4ZH1,51,11,21.5686274509804
1010,9.78216195953386E+017,2018-03-26 10:24:50,5日間のスケベ基金と、2日間のスケベチュートリアルのおかげで、この勢いだと一般的な新卒の月収を超えてしまう。「スケベなことで生きていく」スケベサイエンティストが、子供のなりたい職業ランキング1位になるのもそう遠くない将来なのか… https://t.co/3wDt9kMn5k,50,19,38
1085,9.76827566001611E+017,2018-03-22 14:26:54,Qiitaに投稿しました。よければシェアしてくれると嬉しいです！AIで似ているAV女優を紹介しているスケベAI「スケベ博士」を作りました。https://t.co/LrJbN2c2x1,49,34,69.3877551020408
194,9.90057384549601E+017,2018-04-28 02:37:29,Progateが環境構築チュートリアルをリリース。これは創れる人を創り出すうえで本当に大事だなぁ。積極的に自分のチュートリアルにも載せていこう。https://t.co/tTa6R4ZCOV,47,13,27.6595744680851
448,9.8694463992288E+017,2018-04-19 12:28:33,noteで技術チュートリアルを作っている人をまとめてみました！ブロックチェーンから機械学習まで、なかなか情報としてないチュートリアルをまとめてくださっています～！おすすめです～！@karaage0703  @cohki0305 https://t.co/24ylwd7Ruw,47,8,17.0212765957447
74,9.91055696698294E+017,2018-04-30 20:44:25,自分が何も実績出してない時から会ってくれている人、みなアウトプットしてたから会ってくれた。それが荒削りでお金にならないようなものでも、そのアウトプットに興味を持ってくれた。何も持ってない時はスキルの交換しようとせず、目の前のファンを喜ばすことが大事。,44,7,15.9090909090909
251,9.89443202921914E+017,2018-04-26 09:56:57,むかし@ha_chu さんが読者の対象を偏差値30に合わせろとおっしゃってましたが、記事のタイトルはAIみたいな偏差値30くらいのキーワードにしないとマスにはウケないです。過去に同じコンテンツをタイトルだけ変えて拡散スピード計測したことところシェア数が8倍になったことがあります。,43,5,11.6279069767442
220,9.89649777691312E+017,2018-04-26 23:37:48,『新卒で市場価値の高いプログラマーになるための最短ルートを考えてみた』https://t.co/k2UXt0ATun https://t.co/X0vie0cVyM,42,9,21.4285714285714
1087,9.76809624664879E+017,2018-03-22 13:15:37,スケベ基金13700円集まりました。献金してくださった変態な皆様本当にありがとうございます。なるべく私利私欲のために使わないように頑張ります！ https://t.co/BsI5BNiff4,42,3,7.14285714285714
449,9.86943868137386E+017,2018-04-19 12:25:29,noteで2カ月間で稼げるようになった結果、新たなチャレンジする覚悟が生まれました。そのことについては来月になったら記事書こうかと思ってますが、取り急ぎフォロワーのみなさん本当にありがとうございます。 https://t.co/uE7tJp1ZM8,42,1,2.38095238095238
132,9.90520082764743E+017,2018-04-29 09:16:05,会社などのリソースがなくても、時間さえあればひたすら施策打って失敗したり成功したりしていると、強化学習されていくので、PDCAとか言ってないでDCDCDDDDCぐらいの流れでやっていくと感覚的にこれがいける！これはいけない！みたい… https://t.co/fL9zSq1dPa,42,9,21.4285714285714
1088,9.76783157650326E+017,2018-03-22 11:30:27,全裸待機して変態博士の復旧を待っている変態紳士がいると考えると、一刻も早く家に帰って直さなければ。,41,9,21.9512195121951
356,9.88595010428793E+017,2018-04-24 01:46:32,プログラミング教育アプリを使っててイラつくポイント・作ろうとしているものでテンションが上がらない(電卓システムとか)・学んでいる断片が全体の中で位置付けられない・新しいことを学ぶときの前提知識が考慮されていない・購入する前にどこまでできるようになるのか分からない,39,7,17.948717948718
1265,9.7350292001554E+017,2018-03-13 10:15:57,アダルトスケベLine BotをQiitaで公開したら、Line BotやってるCRM系の会社から会食のお誘い来て草性欲に素直でよかった,38,7,18.4210526315789
635,9.83893001565962E+017,2018-04-11 02:22:26,「会社のことは好きだけど辞めます」という偽善感たっぷりの退職エントリが多い中、それをnoteで有料化して「すっごいざっくりいうと音楽性の違い。続きは本当に見たい人だけどうぞ」って形にしてて、課金の仕組みで「見るべき人を絞る」って使い方してる人いて、面白い。,38,16,42.1052631578947
53,9.91092939731301E+017,2018-04-30 23:12:25,めちゃめちゃイケてる中学生いたので2000円寄付しました。じじいぶっ殺していこう！@takagi_1129https://t.co/dxlvDjFimT https://t.co/KZlOTS86Tf,38,4,10.5263157894737
122,9.90591961185714E+017,2018-04-29 14:01:42,IssueでTODO管理するの1週間ぐらいやってるけど結構いいな。結構おすすめ。・思いつきの企画を保存できる・思考のログを残すからどこで詰んだか記録できる・重要度とかステータスを決められる・マークダウン使ってエラーコー… https://t.co/lI8J6DXk7P,37,3,8.10810810810811
665,9.83520988833829E+017,2018-04-10 01:44:11,そういえば、学生時代何もプロダクトを作らずにエンジニア採用受けてた時のこと採用官「君、何か作れるの？」僕「For文とか関数はわかりますけど、プロダクトはないです」って言った瞬間に面接終わったので、今すぐプロダクト作った方がいいです(この事実に4年に気づいた情弱でした),36,9,25
394,9.8781522916044E+017,2018-04-21 22:07:58,【ブログ更新】もし自分が大学生だったら、こういう風にプログラミングを学んでいくだろうな～という記事です。・大学生のころこそ、エンジニア力を付けておくべき理由・どうやったら新卒で市場価値の高いエンジニアになれるのかhttps://t.co/Nzj3PH8jO8,36,11,30.5555555555556
327,9.88790562009436E+017,2018-04-24 14:43:35,技術は、難しいことを民主化するだけでだいぶ需要があるのに、なぜほとんどの人は難しいものを難しいままイキろうとするのかわけわからない。厳密性を求めている場合だったらしょうがないけど、読者の想定一切してない気がする。,35,5,14.2857142857143
676,9.83497333382963E+017,2018-04-10 00:10:11,クラウドソーシングで受けるスキルとその相場は決まっています。今回はPythonで最大単価5万円ほどになる、ツイッターの自動化プログラムの書き方の基礎について解説しました。今は1980円ですが、希少性高そうなので100部超えたら1万… https://t.co/i0vG0K0Kky,35,2,5.71428571428571
49,9.91100754122293E+017,2018-04-30 23:43:28,ここ最近間違いなくきそうな流れとして、社会の評価指標が肩書　⇒　ソーシャル信頼度（収益/フォロワー数/PV数）に移っていくと思う。他人への価値提供という尺度がそっちのほうが透明性が高く、かつ証明しやすい。経験年数が価値を持たない社会はすぐ来るはず。,35,6,17.1428571428571
977,9.78757377246642E+017,2018-03-27 22:15:17,よっし、文系プログラミング初心者で独学でも技術ブログでみずほの初任給くらいは稼げるようになったぞ！それとメディアの集客方法とか、マネタイズの方法とかやっとわかってきたのと、自分が解決したい課題をどう解決するか、少しめどがついてきた。この一カ月は結構わくわくすることが多かった。,34,3,8.82352941176471
959,9.7924471448961E+017,2018-03-29 06:31:48,#高校生の自分に教えたいこと頑張って、英語の勉強して、「将来は英語教育を変えたい」と思って、英語の先生になりたくて国際系の大学に入ったよね。そんな君はスケベサイエンティストと名乗ってQiitaやはてブでイキって、会社の上司にネットでばれたよ。どうしようもないね。,34,1,2.94117647058823
274,9.89255799036768E+017,2018-04-25 21:32:16,プログラミングがエンジニアだけのものだと思っている人が多いし、そういう人は拡張性やらなんやら気にするけど、リサーチャーだって使うし、なんなら事務の人でも使うわけ。綺麗なコードでチュートリアル書いたとして、そういう人たちが理解できるかというと怪しいと思うんだよな。,34,7,20.5882352941176
248,9.89445270994735E+017,2018-04-26 10:05:10,ちなみに、拡散させたかったらポジティブかネガティブな方向で振ることが大事で、記事の中身よりタイトルの方が重要度は高いです。一番良くないのは、厳密な情報を書くことです。もし厳密な情報が拡散されているなら、今頃みんなツイッターから論文読んでますからね,34,7,20.5882352941176
1079,9.76987772698247E+017,2018-03-23 01:03:31,スケベ博士が「金払わないともう仕事しない」とグレてしまったので、更生させるためにスケベ基金を始めました。本当にスケベでどうしようもない方、スケベ基金にご協力よろしくお願いします。https://t.co/UfZPRb8kf4,34,17,50
279,9.89161161634402E+017,2018-04-25 15:16:13,LINEで登録者が増えるのは・登録が一瞬で簡単・ユーザーの母数が大きい（世代を超える）・グループラインにシェア可能・UIが慣れていてかつ洗練されているってとこだと思います。LINE@でスケールしてからWebとかファンサ… https://t.co/ODR8LXm9O7,34,6,17.6470588235294
229,9.89539733414932E+017,2018-04-26 16:20:31,・技術チュートリアルがない・わかりやすくかつマーケしてチュートリアル書けるエンジニアが少ないから、参入しにくい・それをやるモチベーションは技術者にはないなのでブルーオーシャンなんだろうなぁ。#10年後の仕事図鑑 https://t.co/C1jCCnyaoV,33,3,9.09090909090909
287,9.89151298011328E+017,2018-04-25 14:37:01,遊んでたら手取り超えてしまった....,33,1,3.03030303030303
757,9.82267530600317E+017,2018-04-06 14:43:23,突然ですけどリクルートスーツって最高ですよね。僕は中学生の頃に高校生の制服に目覚め、高校生の頃からリクスーが好きでした。やっぱりフォーマルの中のエロさって本当にありがたいというか。品とスケベの共存というか。春に感謝ですね。,33,3,9.09090909090909
288,9.89144594758566E+017,2018-04-25 14:10:23,文字起こし君が起動しないときにどうすればいいか誰か対処法書いてくれてて草　ありがたや。https://t.co/wwHs2NSJ8y,32,6,18.75
423,9.87596734716002E+017,2018-04-21 07:39:44,Aidemyめっちゃわかりやすい！ / 全ての社会人が「今すぐAIプログラミングを学ぶべき」と言える深い理由 (Business Insider Japan) #NewsPicks https://t.co/h91AmpA3OU,32,12,37.5
278,9.89163379418808E+017,2018-04-25 15:25:02,1万リツイート超えると必ず1/10000くらいの確率で意味不明なリプライ飛ばしてくる方がいらっしゃる。この1/10000の法則、フォロワー多い人たぶん納得してくださる方多いと思う.... 1%の確率で性器出すドラえもんみたいな感覚。,32,5,15.625
396,9.87732332093129E+017,2018-04-21 16:38:33,noteはフリーミアムだと思って書いてる。無料コンテンツだけで十分価値があると判断してもらえたら初めて有料コンテンツにまで手を出してもらえる。全部有料コンテンツにすると相当他の要素で期待値高くないと売れない気がする。,32,6,18.75
1004,9.78246147465666E+017,2018-03-26 12:23:51,スケベ基金にご協力いただいた方、ありがとうございました。総勢103件のご支援と、74200円集まっております。スケベチュートリアルは、現在74冊ご購入いただきました～！初心者でもPythonとAIを使ってスケベなプロダクトを作… https://t.co/yioHu2e2DE,32,6,18.75
297,9.89028874771198E+017,2018-04-25 06:30:33,【定期】PythonとJavaScriptで、似ているAV女優を教えてくれる人工知能アプリケーションが創れる、「変態博士チュートリアル」で、顔認識アプリを作りませんか？https://t.co/rl1LQk8YRZ,31,8,25.8064516129032
551,9.85093970450563E+017,2018-04-14 09:54:39,世の中には二通りの人がいると思う。やらなければならないことを義務感でやり続けられる人、そして僕みたいにやらなければならないことの価値に本当に共感してないとパフォーマンス出せない人。これに薄々学生のころに気づいていたけど、社会人になってもっと感じるようになった。,31,2,6.45161290322581
196,9.90024581543948E+017,2018-04-28 00:27:08,"現在の文字起こし君の状況・登録ユーザー数86122名・一日数千ユーザーが増加・リプライ成功数は1日600前後・1日のアップロード制限が1,250 MBなので、それ以上いくと動かなくなるという状況です。 https://t.co/oA383sKUWi",31,10,32.258064516129
169,9.90247644793471E+017,2018-04-28 15:13:31,3年間働き続けたら認められるという意見もあれば、3年間働けば茹でガエルって意見もある。結局今ある選択肢を正解にできるのは自分の精一杯の頭使って、他者貢献するしかないんでねぇかと思う,31,6,19.3548387096774
247,9.89445953064063E+017,2018-04-26 10:07:52,で、これはエンジニアの技術記事特有なのですが、厳密なことの重要度が高いことが多く、そうすると狭いパイしか狙えないわけです。そうすると技術の民主化スピードはめっちゃくちゃ遅くなるので、カジュアルにコード書いてとりあえず動くってチュートリアルがあった方がいいと思うんです,31,5,16.1290322580645
952,9.79338685823898E+017,2018-03-29 12:45:12,スケベDMM Bot「変態コンシェルジュ」を作れた人にも、スケベサイエンティスト認定しますので、できたらスクショ送ってリプライください！あとnoteでサポート金5000円賄賂としてお支払いいただいたとしてもスケベサイエンティストと… https://t.co/1HyjaAwl6K,31,6,19.3548387096774
981,9.78630858746741E+017,2018-03-27 13:52:33,プログラミングができる段階って①プログラミングの基礎文法が分かる②既存のチュートリアルをググりながら解決できる③新しいプロダクトを仮説検証しながら作れる④嫌いなコードで大規模開発までできるだと思うんだけど、②から③に行く時って大量にプロダクト作る経験積むしかないと思う,30,7,23.3333333333333
133,9.90518389494792E+017,2018-04-29 09:09:21,noteはフォロワーが少なかったり、自分のメディアを持っていないとチュートリアルを創っても広告が難しいです。そういう場合は、プロダクトの作成結果をQiitaやはてなブックマークに載せて、プレスリリースみたいに利用するのがおすすめで… https://t.co/WkG6XcYyUz,30,3,10
878,9.80264989117235E+017,2018-04-01 02:06:00,朝起きたら彼女に「妊娠した」と言われて、めっちゃ覚悟決めてた。指輪買いに行こうとか。よく考えたら今日4月1日だった。,30,0,0
454,9.86790612111311E+017,2018-04-19 02:16:30,ちょっとできる人がイキるのって実は大事なのかと思った。じゃないと中間層の知識が下に降りてこないから。そして少し先の世界を見てきた人が発信するコンテンツは実は価値があるものだということも気付いた。(Qiitaのトレンドとかだいたいそうな気がする),30,5,16.6666666666667
737,9.8281944672818E+017,2018-04-08 03:16:30,上級者にとってはクソの吹き溜まりみたいな記事しか書けないけど、初心者にとっては誰よりも優しいコンテンツを作っていきたい。だって営業マンがPythonで定型業務の自動化処理したいみたいなときに、めっちゃくちゃ抽象度の高い記事であふ… https://t.co/MjlksV9Ann,30,3,10
328,9.88789118598435E+017,2018-04-24 14:37:51,技術界隈で役に立つのって基礎研究やってる人と、その研究をもとにユーザーが使ってメリットが出るレベルに落とし込んで実装する人で、中途半端にロジック勉強して何も実装できないでイキッてるのは僕は嫌いです。僕は誰がなんと言おうがブラックボックスでもとりあえずいいから便利なものを作る派です,29,5,17.2413793103448
792,9.81714541674246E+017,2018-04-05 02:06:00,本当にこれ。スクールバカ高いけど、コンテンツはネットにたくさんあるから、もっとサクッとプログラマーをメンターとしてマッチングしてプログラマーにお金を還元できるような仕組みできたらもっとIT人材増えそうなんだよなぁ。 https://t.co/3bHXgs4fw4,29,7,24.1379310344828
475,9.86426391439618E+017,2018-04-18 02:09:13,科学も１つの信仰で、使ってる側はブラックボックスのまま利用している。これは落合さんが言ってた「魔術」と凄い似ている。AI論調も実はテクノロジーではなく魔術化なのかもしれない。 #完全教祖マニュアル https://t.co/WVUGtMgPk9,29,14,48.2758620689655
245,9.89447751430648E+017,2018-04-26 10:15:01,今の時代、手品師になるよりも、手品師になりたい人に手品を教える人の方がもしかして重要なんでないかと。応用レベルに落とし込むスピードって社会のためにかなり大事で、その人材が足りてない。,29,6,20.6896551724138
987,9.78626650647622E+017,2018-03-27 13:35:50,みんな初心者でも、何かしら自分でプロダクトを作りたいと思っている。そして、その「作りたい」ものを作る教材が圧倒的に足りてない。タイマーとか、電卓プログラム作りたくてプログラミングはじめたわけじゃないはず。だからなるべく共通してみんながよいと思うもの、それはエロだったんだと思う。,29,7,24.1379310344828
212,9.89684367940207E+017,2018-04-27 01:55:15,営業やってると価値観の相対化ができるようになる。自分が売れると思ったものと顧客が欲しいものが乖離してることに気づかされる。これが重要で、エンジニアがもの作ろうとすると技術に興味がいってユーザー体験を忘れがちなのよねぇ。この感覚をクリエーターが持ってるとめっちゃ強い気がするん。,29,7,24.1379310344828
747,9.82557239411003E+017,2018-04-07 09:54:35,プログラミング勉強して、他の人が知らないことをたくさん学んだ時、そこに知識の差分ができ、そこに価値が生まれる。それを初心者の視点で解説するというアプローチでnoteを使うと、それこそ大学生でも経済学めっちゃくちゃわかりやすくまとめるのとかでもマネタイズできるんだろうなぁ。,28,3,10.7142857142857
958,9.79279292239569E+017,2018-03-29 08:49:12,めっちゃいいアイディア思いついた。ツイッターで投稿すると、Google Calenderに反映できるアプリ。こうすると、過去にどんなこと考えていたのかを、時間レベルで思い出せる。これは結構自己分析的な意味でも面白いかもしれない。,28,3,10.7142857142857
319,9.88806185938702E+017,2018-04-24 15:45:40,スケベAI作った時は女性から一切コメント来なかったのに、こういう文字起こしアプリはちゃんとコメント来るので、別の意味でスケベドリブン開発に火がつきそうでござる,28,2,7.14285714285714
318,9.88808896436257E+017,2018-04-24 15:56:26,さっそく落ちたｗｗｗ画像アップロードの限界がきたっぽいｗｗｗいつもだｗｗｗｗ無料プランでリリースすると、容量限界きて「バグ」だのなんだの言われるのつらい.... https://t.co/eN1dwQtOT4,28,9,32.1428571428571
301,9.88961838145593E+017,2018-04-25 02:04:10,リリース初日で1万ユーザー突破。どこまで伸びるか！10万くらいいかないかなー。チュートリアル書いたら誰か有料化して、安定したサーバーでやってくれたら嬉しいなー。 https://t.co/ST8QnsEHlV,28,11,39.2857142857143
411,9.8767945169671E+017,2018-04-21 13:08:26,大企業やらベンチャーやらフリーランスやらの手段の問題はどうでもいいけど、今自分が持っている24時間を・人的資本・社会関係資本・コンテンツ資本・時間資本にどこに投資するかってことが重要。一番だめなのは時間資本をそのまま経済… https://t.co/8THPGTURLa,28,5,17.8571428571429
275,9.89251956324512E+017,2018-04-25 21:17:00,僕の書くコードは独学なのでおそろしく汚いですが、初心者にはなるべくわかりやすい形になっています。プロにとって可読性の高いコードと、初心者にとって可読性の高いコードは違うと思ってるので、これだけ読んでプロのエンジニアになりたい！って… https://t.co/mkLBUstuKl,28,3,10.7142857142857
1002,9.78417572621111E+017,2018-03-26 23:45:02,僕自身が独学でプログラミングしているから、そんなに技術的に詳しくないけど、逆に初心者の目線にはめっちゃくちゃ立てると思うので、だれが見てもできて面白いチュートリアル頑張って作ろう。,27,3,11.1111111111111
1003,9.78275609779388E+017,2018-03-26 14:20:55,さっそくまた新しいチュートリアルを作っています。より社会にスケベサイエンティストが増えて、子どもがなりたい社会人像を増やしていきたいと思っています。絶対なりたい職業ランキング一位をYoutuberから塗り替えてやる！ https://t.co/cmzZkUWYMk,27,9,33.3333333333333
938,9.79657871418782E+017,2018-03-30 09:53:32,すっごい当たり前の話なんですけど、人間って抽象的なものを理解するためには、たくさんの具体が必要なんです。なのに理系の人って、基本的に抽象論で話しやすいんですよ。だってそっちの方が例外がなく安全だし、美しいから。でもそれは学ぶ側にとっては困ると思うんですよね。,27,8,29.6296296296296
881,9.80261719585956E+017,2018-04-01 01:53:00,よっしゃ！Googleで「スケベサイエンティスト」って検索すると一番最初に実名で出るようになったぞ！よっしゃ！Googleで「スケベサイエンティスト」って検索すると一番最初に実名で出るようになったぞ！よっしゃ！ https://t.co/mmet26ra9h,27,2,7.40740740740741
136,9.90495113947136E+017,2018-04-29 07:36:52,noteで有料化コンテンツを作る上で重要なのは、誰かが無料でソースコードを置いたものに差別化できるようにすること。そしてそれを差別化するためには・ユーザーの前提知識の想定・検索に依存せずとも完了できるぐらいの網羅性を上げる… https://t.co/sGK9JJxoHY,26,3,11.5384615384615
1071,9.77164503329599E+017,2018-03-23 12:45:47,ぶっちゃけ、30万円の使い道は、Microsoft Hololensで道行く人のアイコラ作ったり、似ているAV女優算出したり、顔認識で感情分析して駆け引きしたりそういうことのためのR&amp;D投資に使いたいと思っています。 https://t.co/vl2qCQw4R1,26,2,7.69230769230769
802,9.81541693911581E+017,2018-04-04 14:39:10,いま作っている自動いいねツールでフォロワー数が一日で15人くらい増えた。統計情報まで取れるようにして、これをチュートリアルにしよう。たぶんアプリケーションにして販売してもいいんだけど、これくらいならさくっとFlaskで創れるのでチ… https://t.co/qLWvTLRt7q,26,4,15.3846153846154
991,9.78620593825174E+017,2018-03-27 13:11:46,Qiitaとはてぶでスケベサイエンス啓蒙しすぎて、ついに会社の上司にスケベサイエンティストなのバレてしまった！これはリストラか？次回！スケベサイエンティスト、死す！,26,2,7.69230769230769
830,9.81098293303304E+017,2018-04-03 09:17:15,クラウドソーシングとか、アフィリエイトとか、死ぬほど競合がいるレッドオーシャンよりも、クソほどくだらないこと、誰もやらないことでマネタイズしようとする方が楽しいし青いし面白いな。,25,3,12
674,9.83512073865904E+017,2018-04-10 01:08:45,プログラミング初心者向けのコンテンツが多くて、やってみた系のコンテンツは多いけど、独学で案件取るまでのコンテンツやっぱり少ないな。こっちのほうが社会的に価値ありそうなので、エンタメから稼げる技術チュートリアルにピボットしよう。,25,2,8
784,9.81895016690868E+017,2018-04-05 14:03:09,つまり、初心者だけどプロダクト作りたい人と、プロダクト作れて保守性の高いコード書きたい人の中間に、「アホみたいなコードでプロダクトつくれる人のコード」という、初心者にとっての理解できるレベルのチュートリアルが足りてない。,25,8,32
967,9.78808794560872E+017,2018-03-28 01:39:36,#やりたいこと優秀なエンジニアの人が個人でチュートリアルをnoteに作る文化を作る。,25,5,20
643,9.83726529132741E+017,2018-04-10 15:20:55,今年入って学んだのは、正攻法で稼ごうとすると赤すぎてだいたい死ぬので、「楽しいこと」を一番プライオリティあげて突き詰めていくと自然と青いところが見えてくるってとこでした。誰もやらない領域、本当に美味しい。しかもみんな反対してやろうとしないからありがたい。,25,2,8
181,9.90119611327701E+017,2018-04-28 06:44:45,心に童貞が潜んでいるから、かわいいおなごにフォローされるとちょっとイキった顔になるのどうにかしたい,24,1,4.16666666666667
150,9.90429925340463E+017,2018-04-29 03:17:50,よっしゃ！500冊突破！ https://t.co/Tq1j5H2vft,24,0,0
259,9.89281026055656E+017,2018-04-25 23:12:31,Google Apps Scriptでアプリ公開すると、リリース初日でアプリがパンクする芸だけど有料化すると採算が合わないので結局チュートリアルつくって使いたい人は自分で作ってくださいという形にしています。,24,4,16.6666666666667
188,9.90082543578792E+017,2018-04-28 04:17:27,学校の教師のデータ全部スクレイピングして、保護者が先生の評価できるWebサイト作ったら市場原理働いてた面白そうだな,23,3,13.0434782608696
510,9.85852033549783E+017,2018-04-16 12:06:55,スケベ博士が人生変えてしもうた....,23,1,4.34782608695652
303,9.8894989005398E+017,2018-04-25 01:16:42,もう少しで1万ユーザー！ https://t.co/jb9AopExMu,23,3,13.0434782608696
703,9.82982925254672E+017,2018-04-08 14:06:06,最近、エンジニアの教育と、キャリアという領域が自分にとって解決したい課題なんだと感じるようになった。これだけ需要があるのに、人を供給する部分のシステムに課題が大きすぎる....ここに人生かけたいなぁ。,23,2,8.69565217391304
1028,9.77807785386652E+017,2018-03-25 07:21:57,朝7時に本の着想考えて、朝9時から12時まで執筆して、12時30分にリリースして、16時30分現在で5冊売れるってnoteすごいなぁ。これ普通に電子書籍出版とかやってたらもっと時間がかかってるし。出版ってどんどん途中の仲介通さなくなってくるんじゃないかな。,23,5,21.7391304347826
195,9.90054252977406E+017,2018-04-28 02:25:02,GWにやることがない人は、文字起こし君かスケベAIを作りましょう！！https://t.co/6OOmYh4hNG,23,4,17.3913043478261
238,9.89505137352806E+017,2018-04-26 14:03:03,でもこの感覚を23で味わえたのは非常に大きな学びだと思うし、恵まれていると思う。残りの79年くらいは自分が本当に社会的に意味あると思えることと、知的に面白いことに人生ささげていきたいなぁ。,23,0,0
372,9.88076861694534E+017,2018-04-22 15:27:36,彼女に「ちんこみたいなやつ買ってきて」っていったらちゃんとチーカマだと理解してくれたので結婚したい,23,1,4.34782608695652
985,9.78627660048777E+017,2018-03-27 13:39:50,Progateやドットインストールは、何か作りたい！と思った時に必要な基礎文法を学ぶサイトとして超いい。それにプラス、プロダクトを作れるようになるための何かが足りてない。リファレンスやらが使えるのは、それのちょっと先に行った人たちだから。,23,4,17.3913043478261
1078,9.76989234778096E+017,2018-03-23 01:09:19,スケベ博士は復旧中なので、代わりに変態コンシェルジュをご利用ください。LineからDMMのサンプル動画が見れるセキュリティが強固なサービスとなっています。https://t.co/FK1DsxW78L https://t.co/40yra8vrGl,22,8,36.3636363636364
543,9.85127516397437E+017,2018-04-14 12:07:57,これ、半端じゃなく可能性ある。noteはクリエイターが年齢とか仲介企業とか関係なく、ファンがついてくる人に高い報酬が得られる素晴らしい仕組み。本当に応援したい。 https://t.co/2rccs0eIj8,22,3,13.6363636363636
1034,9.77758875653784E+017,2018-03-25 04:07:36,スケベAIのチュートリアルは、こんな感じです～PythonでAV女優のデータをスクレイピングし、Face APIで顔認識、Line Botの作成を一つのチュートリアルでまとめて解説しています！コードの解説とかつけています。… https://t.co/ULYSW7JS8o,22,3,13.6363636363636
253,9.89391250901029E+017,2018-04-26 06:30:30,【定期】PythonとJavaScriptで、似ているAV女優を教えてくれる人工知能アプリケーションが創れる、「変態博士チュートリアル」で、顔認識アプリを作りませんか？https://t.co/rl1LQkqzJx,22,4,18.1818181818182
12,9.91503163663401E+017,2018-05-02 02:22:30,文字おこし君、このままだとユーザー数が10万を超えてしまう......LINEのインターフェイスがすごいのは、Jacob Nielsenのヒューリスティックスから見たときに、・一貫性を保ち標準に倣う・最小限で、美しいデザイ… https://t.co/0RHNsOz0VP,22,2,9.09090909090909
10,9.91505648314606E+017,2018-05-02 02:32:22,世の中にはめっちゃくちゃいいアーティストが埋もれているのに、自分自身のことをマーケできないのって本当にもったいないと思う。個人が強い時代、マーケさえしっかりしていれば、信用経済だからやっていけるはずだし、そこをなんとかしたい。。。,22,3,13.6363636363636
1024,9.77832449420902E+017,2018-03-25 08:59:57,下ネタはとても強力で、簡単にバズってしまうが、それ以外のことを言えなくなるととたんに威力が落ちてしまう。そして、それを使うことで社会的評価も下がる。あれだけ子供のころロックマンでダークチップ使っちゃいけないって習ったのに、僕は社会… https://t.co/I8yypUhxgd,22,3,13.6363636363636
1100,9.76617540532167E+017,2018-03-22 00:32:20,スケベ博士の友達数が420人を超えました。ご登録ありがとうございます。ご要望等ございましたらご連絡ください。 https://t.co/ALZL26Do1C,21,1,4.76190476190476
670,9.83515324824699E+017,2018-04-10 01:21:40,僕がクラウドソーシングで受注するときに技術を学ぶ場合、まずクラウドソーシングで受注できそうなアプリの内容を調べて、それを実装するために必要そうな技術を調べ、実装してブログにアウトプットしてました。それをもとにお客さんに「これできますー」とURL共有すれば受注はできますね。,21,8,38.0952380952381
260,9.89277854436225E+017,2018-04-25 22:59:55,毎回説明するのが面倒なのでまとめたhttps://t.co/FZBfcnUG5I,21,2,9.52380952380952
857,9.80608159201948E+017,2018-04-02 00:49:38,何か新しいものを作り出すとき、みんながやってるレッドオーシャンに突っ込んでいくのもダメで、でもいきなり0 → 1もダメ。先行研究いっぱい読んで巨人の肩の上に乗り、今まで誰もやらなかった領域を埋めていくのが大事なんだろうなぁ。,21,1,4.76190476190476
141,9.90468066742973E+017,2018-04-29 05:49:23,プログラミングを知らないは何ができるか分からない。そんな中この時代にAIという言葉が出てきて、プログラミングで「いい感じのことができる」ということを理解した結果、大量に「AIで何かしたい」という要望が増えてて、プログラミングで置き換えてもほとんどの人は困らないのかもしれない。,21,5,23.8095238095238
307,9.88937659878854E+017,2018-04-25 00:28:06,朝起きたら7000ユーザー超えてた...また当分サーバー落ちて使えなくなりそうだ https://t.co/QTF21ZYFTE,21,4,19.047619047619
171,9.90246505154986E+017,2018-04-28 15:08:59,ベンチャーか大企業か、どっちがいいかなんて適性次第だと思うけど、ぶっちゃけ違うなって直観で思ってるならさっさと変えた方がいいと思う。責任を取れるのは自分だけだから。自分がパフォーマンス出せそうなところに100%リソース投下した方が幸せだぞ！,21,4,19.047619047619
971,9.78775194104819E+017,2018-03-27 23:26:05,"おかげさまでスケベチュートリアル、4日で100冊超えました！(¥103,880 / ¥980 = 106冊) ありがとうございました！修正必要そうなところとか、フィードバックあったらぜひご連絡ください！（実際に作れたか気になるとこ… https://t.co/0sh8txbNC8",21,6,28.5714285714286
549,9.85095735493341E+017,2018-04-14 10:01:40,こんなこと言うと、「辛いことがあってもやりつづけなさい」って言われると思うけど、プライベートの活動も十分つらい。だってどんなに頑張って最初のほうとか収益にならないから。でも、やってることの価値とか、そういうものにドライブされるから… https://t.co/zOn1BofqiX,20,1,5
1080,9.76983550745502E+017,2018-03-23 00:46:44,スケベ博士が既読無視してくるというご報告を各所からいただいたので、ログ解析したところ、結論としてスケベ博士がせこいことがわかったのでご共有いたします。【速報】スケベ博士が「金払わなきゃ動かないのじゃ」とグレました！https://t.co/8BHb2m5PKX,20,18,90
626,9.8419400481946E+017,2018-04-11 22:18:30,自分でコンテンツ持つと、時給という概念がなくなる。確かに最初はまったくお金入らないけど、アウトプットし続けると信頼とコンテンツがストックして減らない資産になって回収できる。note売っててめっちゃ感じた。 https://t.co/SuF8nbsEen,20,3,15
215,9.89675801854394E+017,2018-04-27 01:21:13,チュートリアルを作っている理由です。「よくプログラマーになりたいという人で、プログラムの本を買ってきて、最初から最後まで読む人がいます。それも効率が悪いと僕は思っていて、プログラムを書くことは手段より目的を決めたほうがいいに決… https://t.co/CYQE7WnsLA,20,4,20
118,9.90606239284453E+017,2018-04-29 14:58:26,先端技術がかなり早いペースでジェネリック化する時代。ジェネリック化の比喩はとても分かりやすい。面白い。薬の開発そのものの価値はジェネリック化によってどんどん薄れてきてしまうからな。 https://t.co/Sm9Qm7o04l,20,7,35
1257,9.73715061012246E+017,2018-03-14 00:18:55,「本名でスケベサイエンティストやるのやめなさい」 https://t.co/XllVXCU8Fv,20,2,10
1086,9.76820622616494E+017,2018-03-22 13:59:19,AIで似ているAV女優を紹介しているスケベAI「スケベ博士」を作りました。 [Python] on @Qiita https://t.co/LrJbN2c2x1,20,18,90
90,9.90801116483928E+017,2018-04-30 03:52:49,過去にQiitaでAV女優の身長・カップ数・3サイズデータを公開してたらスケベKaggleはじまっててワロタｗｗｗhttps://t.co/nEnGx3QVUP,20,8,40
361,9.88578971393511E+017,2018-04-24 00:42:48,誰か女性用下着に味噌汁こぼして使用済み下着という扱いでメルカリで売るスタートアップ創業しませんか？利益率めっちゃくちゃいいと思います。,20,0,0
534,9.85507650640032E+017,2018-04-15 13:18:28,コンテンツは、そのコンテンツの中身にお金を払うのではなく、そのコンテンツで得られる未来をイメージされることによって購入する。,19,4,21.0526315789474
158,9.90400864966754E+017,2018-04-29 01:22:21,エンジニア向けの教材より、ノンプログラマー向けのチュートリアルのほうが市場が大きそう。エンジニアがやりたがらないけど、ビジネス側では必要な領域ってたくさんあると思うのよね。例えば文字おこし君とかも、ユーザーの声聞いてると出版、デザイナーとかで使うみたいだし。そこを狙っていくのあり,19,0,0
734,9.82823010682876E+017,2018-04-08 03:30:40,これ普通にビビるんだけど、ガチで今の技術でできちゃうんだねフェイクニュースとかで使われたら相当やばそうｗFace2Face: Real-time Face Capture and Reenactment of RGB Vid… https://t.co/baX0ijITwO,19,6,31.5789473684211
1061,9.7732304726587E+017,2018-03-23 23:15:46,僕はそんなに頭がよくないので、機械学習の知識ないけど、欲しいインプットと、アウトプットさえ明確であれば、機械学習のロジックの部分はアウトソースして、徹底的にインターフェイスに回れば、価値のあるプロダクトになるんだなぁと感じた。（とはいえサーバー死んで公開できてないけど。）,19,3,15.7894736842105
805,9.81471996776035E+017,2018-04-04 10:02:13,今ものすごく社会が変わってるの感じるけど、あのお堅いテレビでさえも、一般人の変態だけのテレビ番組とかどんどん増えてきている。変態を変態として受け入れて、それがお金になる仕組みが整って行くと、将来の正常者は障害者で、今の障害者が正常者になっていくんではないかと強く感じる。,19,3,15.7894736842105
584,9.84801801458209E+017,2018-04-13 14:33:40,あと、教育の話。やっぱり何かを作りたいと思ってる人は多いけど、できる人はそれをアピールする方向にだいたいいってしまって民主化しない。テクノロジーマウンティング。だけど、それを民主化するエバンジェリスト的な人って少ないけど、実は技術革新が早い時代めっちゃ必要なのかもしれん。,18,2,11.1111111111111
264,9.89268866508382E+017,2018-04-25 22:24:12,優れた芸術がちゃんとマネタイズできるようにするために、一番やっちゃいけないのは消費者の自主性に頼ること。人間そんなうまくできてないので、社会構造やビジネスサイドで変えないと絶対うまくいかない。,18,4,22.2222222222222
416,9.87671331066937E+017,2018-04-21 12:36:10,お金に変換できるのは・人的資本：スキル等・社会関係資本：フォロワー数等の関係性・コンテンツ資本・時間資本があると思うんだけど、普通の正社員で働くと時間資本ゲーになるので、いかに少ない時間資本投資で人的資本、社会関係資本、コンテンツ資本を増やすかがカギだと思う。,18,5,27.7777777777778
340,9.88732302237696E+017,2018-04-24 10:52:05,noteの強み・売れるか分からないものも売れる・出版まで早くて一週間・90%は収益として還元される(書籍よりはるかに大きい)・アップデートがいつでもできる書籍の強み・個人の社会的認知と信頼度の向上・マスに届きやすい単純に収益化が目的ならnoteだな,18,1,5.55555555555556
326,9.88791160285024E+017,2018-04-24 14:45:58,本当そう思います。知識をすでに持っている人の視点と、これから学ぶ人の視点ってまったく違くて、いかに初心者だったり、技術を知らない人の視点に立てるかってプロダクトしかり教育コンテンツしかり重要だと思います！！(専門家のググれは初学者… https://t.co/v5HeChMSYb,18,5,27.7777777777778
426,9.87565807264715E+017,2018-04-21 05:36:51,技術チュートリアルをまとめている人の記事を更新しました～！データサイエンスコンペ・Kaggleのチュートリアルを日本語に翻訳されたものが出たそうです～！https://t.co/24ylwd7Ruw@currypurin,18,6,33.3333333333333
0,9.91576583570801E+017,2018-05-02 07:14:14,Pythonで自分の過去のツイートから、・いいね数・RT数をすべて取得しているなう。これでどういうコンテンツがウケるのかデータ分析します～！ https://t.co/mC4FQvyBG1,18,2,11.1111111111111
905,9.80003792564371E+017,2018-03-31 08:48:06,プログラミング初心者に特有なのは、欲しい成果を得るために何を学習すればいいかがわからないという状態なので、もしかしたら検索クエリのデザインではなく、欲しい答えをいかにうまく導線に落とし込むかというところなのかと思った。出会い系サイト　つくりかた　rubyとかだと出ないもんな。,18,1,5.55555555555556
700,9.8299185920188E+017,2018-04-08 14:41:36,エモい不適合者が報われる社会つくりてぇな,18,3,16.6666666666667
648,9.83709242967318E+017,2018-04-10 14:12:14,ほむほむ、Pythonからcrontabをセッティングできるモジュールがある。UIから定期実行を仕込めれば、Flaskで定期実行アプリを管理できそうだな。これは需要高そう。 https://t.co/oeYTRyPeGa,18,6,33.3333333333333
831,9.81095710249468E+017,2018-04-03 09:06:59,スケベなAI作ってチュートリアルでマネタイズするなんて最初考えてなかったけど、全力でおもろいって思ったこと発信し続けるとちゃんといつかはお金になるんだなぁと感じた。,18,1,5.55555555555556
1081,9.76979895736713E+017,2018-03-23 00:32:13,スケベすぎだろみんな。,18,3,16.6666666666667
68,9.9106714845694E+017,2018-04-30 21:29:55,これ「頭でっかちになるよりも、まず行動したほうがたいてい勝つということです。あれこれ悩んでいるヒマがあったら、とにかく動いたほうが、結果的に速く正解にたどり着く」https://t.co/JDo16AwwsP,18,5,27.7777777777778
73,9.91056650805985E+017,2018-04-30 20:48:13,アイディアがあるけどその需要を検証しなければ、誰からも傷つけられることもなく、発明家の気持ちで居られるからみんなアウトプットしない。結果出してる人はみなめっちゃくちゃ市場にアウトプットして検証と改善回してるから、とりあえず1ヶ月アウトプットするだけでかなり変わる,18,3,16.6666666666667
680,9.8333482706251E+017,2018-04-09 13:24:26,こういう感じでProgateが最低限ここまで出来てほしいことを学ぶ場所を提供してくれるので、もうちょっと上のところに専念できて助かる。 https://t.co/HH8nHck6tO,18,2,11.1111111111111
865,9.80312331681907E+017,2018-04-01 05:14:07,人間はいいことしてると天国へ、悪いことすると派遣/請負Slerに落ちるくらい地獄絵図だコレ・・・・https://t.co/UNi9pdmENt,18,8,44.4444444444444
1096,9.76639881072976E+017,2018-03-22 02:01:07,画像直は今後対応しようと思ってます。技術的にできなかったので、お手数ですがurlでお願いします。あと今サーバーがパンクしてるっぽいので、ちょっと時間が経ってから使ってもらえると嬉しいです😆 https://t.co/ZQIjgJfdyL,18,17,94.4444444444444
996,9.78448620159517E+017,2018-03-27 01:48:24,初心者向けのまとめ記事を、マスは欲しているのは事実。問題はそのまとめ記事の品質を保つモチベーションは、作る側のほとんどの人にない。だからこそ、チュートリアルはブルーオーシャンな気がする。品質も高く、かつ網羅性も高い初心者向けのチュートリアル。,17,5,29.4117647058824
192,9.90071422532768E+017,2018-04-28 03:33:16,テクノロジーが民主化してインフラになった社会だと、こういうことも可能なんだなぁ。#10年後の仕事図鑑 https://t.co/NiWezSIkLj,17,1,5.88235294117647
758,9.82264937530577E+017,2018-04-06 14:33:05,教育学4年間勉強してたけど、本当に学習のデザインがうまくいけば人ってどんどん伸びるんだなぁ。教育のUXのデザインって本当に大事なのに、みんな開発者視点で見ててユーザー視点で見えてないよなぁ。,17,1,5.88235294117647
1025,9.77830086253601E+017,2018-03-25 08:50:34,Aidemyの登録者数抜いてしまった。AVだけに。 https://t.co/nKD3MHiISi,17,4,23.5294117647059
125,9.90554027208295E+017,2018-04-29 11:30:58,【定期】PythonとJavaScriptで似たAV女優を教えてくれる人工知能アプリケーションが創れる、「変態博士チュートリアル」で、顔認識アプリが創れます！https://t.co/rl1LQkqzJx,17,1,5.88235294117647
69,9.9106680112239E+017,2018-04-30 21:28:33,なるほどなぁ「つまり、一度で完璧なものを作ろうとせずに、完璧でなくても毎日何かを作り続けることでいい結果を導き出せるとのことです。」https://t.co/wduXzJa9pY,17,3,17.6470588235294
997,9.78448144491926E+017,2018-03-27 01:46:30,過去にはてブのブックマーク数を10年分分析したことがあるけど、1番読まれる記事は、初心者がその記事を読んだだけで面白いことができるような、まとめ記事なんだよなぁ。それはいかに人工知能トレンドが進んだりPerl人気が落ちて来たりの時代の流れがあっても変わらなかった。,17,8,47.0588235294118
659,9.83649588413317E+017,2018-04-10 10:15:11,ただ、日本にはプロダクトを作るためのチュートリアルが全然足りてない。例えば自動化ツール作るためのチュートリアルも断片的な記事しかないから、初心者がそれを切り合わせて理解していくのは難しすぎる。,17,6,35.2941176470588
221,9.89550113671426E+017,2018-04-26 17:01:46,経験信仰文化、ありそうだなぁ。エンジニアのフリーランス案件も言語の年数でみるらしいし....#10年後の仕事図鑑 https://t.co/5UYs3oFPT0,17,5,29.4117647058824
159,9.90397086481891E+017,2018-04-29 01:07:20,めっちゃ分かります。1人で完結するビジネスが面白いのは、・コンテンツを作る・集客する・販売する・コンテンツを改善するのすべての工程を体験できるってとこなんですよね。俯瞰してクリエイティブとビジネスを両方学べるので面白… https://t.co/4Y5NGy3KKH,17,3,17.6470588235294
895,9.80024831558107E+017,2018-03-31 10:11:42,エモい。人類はどんどん賢くなっていく。やっぱWebによって変態が発見されていくのめっちゃ好き。自分よりも年下で優秀な人見ると本当にエモい。https://t.co/58F07Y9KHr https://t.co/9HcbSzUvw4,16,5,31.25
632,9.84018944716694E+017,2018-04-11 10:42:53,クリエイティブ労働って、働いている時間がそのまま経済資本に変換できないから、お金のために働こうとするとだいたい最初にモチベーション落ちて死ぬんだよな。だから完全に遊びと割り切って、それにフォロワーが出たタイミングでマネタイズするとよい。,16,3,18.75
748,9.82556035771544E+017,2018-04-07 09:49:48,noteのおかげで、くだらない転職アフィリエイトやらずに、ひたすら価値があるものを提供することに専念できるようになって本当によかった。個人が自分のコンテンツを持てて、それをマーケティングできる仕組みは革命的。 https://t.co/Rq4d1xQ3Rx,16,4,25
902,9.80012434621571E+017,2018-03-31 09:22:26,プログラミング独学していると、どこまでこの関数で実装すべきなのかとか、ログの設計とか全然わからないのでつらい。コードレビューがないとどうしてもそういう設計がわからないからなぁ。冗長なコードになってしまっているらしい。つら。,16,1,6.25
436,9.87156584299094E+017,2018-04-20 02:30:44,作りますぞー！！できれば今月中に完成させたい！！ https://t.co/fvZYDKXtG6,16,1,6.25
89,9.9080489775804E+017,2018-04-30 04:07:50,これ本気でやりたいんですけど誰かいませんかね。参加者募集します。次に売れるAV女優の予測です！『スケベKaggle』やりますhttps://t.co/5Xo1uITD8D,16,3,18.75
456,9.86788406322606E+017,2018-04-19 02:07:44,ブログやらnoteやらでいろいろ記事書いてきたけど、特に1.  市場の大きさが十分ある2.  欠けているコンテンツが存在する3.  自分が提供できる価値を認識している4.  労働集約にならないための差別化要素があるが大事だったなぁと感じた。,16,1,6.25
879,9.80264233060323E+017,2018-04-01 02:03:00,子どもがなりたい職業ランキング2018が出たぞー！ https://t.co/XGF5LKTXsu,16,3,18.75
155,9.90408046617624E+017,2018-04-29 01:50:53,クリエイターってもっとモノの売り方できたら自作農になれるのになぁと思う。バンドもそうだし、引退後のスポーツ選手もそうだけど、これだけポテンシャルがある人材が、安く買い叩かれているのは、自分を売る力がないからで、逆に言えばマーケできれば独立して稼げるはずなんだよなぁ。,16,1,6.25
720,9.82864077696332E+017,2018-04-08 06:13:51,機械学習系の記事、データの分析ばかりで、データをどう取得するかみたいなところがかなり抜けていると思うので、#Aidemy　とかでCRONTABの実行方法とかやってくれるとネット上のデータ自由自在に取れて分析のおかずを集められる人が増えそう。（そしてぜひともやってほしい）,16,3,18.75
678,9.83492034769007E+017,2018-04-09 23:49:08,プログラミング未経験のプログラマーが「仕事募集」なんて書いても、絶対来ない。理由は簡単で、何ができるかわからないのに、仕事を依頼したくないから。だから未経験のプログラマーこそどんどんブログなりなんらかにアウトプットしないと、クラウドソーシングで受注なんてなかなかできない。,16,1,6.25
271,9.89258343427465E+017,2018-04-25 21:42:23,エンジニアがエンジニアの視点でしかものを見れないから、チュートリアルが難しくなっている気がする既知の知をいったん客観視して合わせるってすごく大事なことだと思うんだよなぁ。,16,3,18.75
1102,9.76491555144974E+017,2018-03-21 16:11:43,ログ確認してみると、利用者が多すぎてパンクしている模様。やはり無料だときつい。献金頼みまするぞ。 https://t.co/tTFgbY0Q6J,16,6,37.5
517,9.85817270969496E+017,2018-04-16 09:48:47,Ted聞きながら、Google Documentに音声流力でシャドウイング、その後字幕見て答え合わせしたら、リスニングとスピーキング両方鍛えられることに気付いた。,16,1,6.25
533,9.85673423538897E+017,2018-04-16 00:17:11,やっぱり、プログラミング学習サイトの次のコンテンツは絶対意味あると思う。からあげさんにもっと他のnote出して欲しい笑 学ばせていただきたい。 https://t.co/CBwlkZjHgR,16,2,12.5
174,9.90151053529108E+017,2018-04-28 08:49:41,#やりたいことFace APIでゴリラの画像を大量に学習させて、LINEから送った人間の画像に一番近いゴリラの画像を返してくれるゴリラ君botゴリラの画像のビッグデータとるのが大変そう,16,2,12.5
323,9.88797671753175E+017,2018-04-24 15:11:50,リリースから2時間。ユーザー数400名突破。スケベ博士が2万ユーザーだったので、4万ユーザーぐらいまで行きたい。 https://t.co/t5McEocVlT,15,0,0
70,9.91064343012721E+017,2018-04-30 21:18:47,メディアのすみわけが難しいけど・技術チュートリアル：note・ポエム：note・その他：ブログ・広報：Qiita、hatenaって感じで運用していこう,15,0,0
982,9.78629723612787E+017,2018-03-27 13:48:02,「ググればできる」は、ググる言葉がないとできない。それは、経験から学ぶか、他の人間などの外的リソースを使わないと難しい。ところが、プロダクトをつくる経験は、プロダクトをつくる環境でしか得られないからその経験ができないのよね。その開発の全体像を経験できるチュートリアルはとても少ない,15,6,40
390,9.87840412684448E+017,2018-04-21 23:48:02,20RTいかなさそうなのですが、とりあえずつくりました。基本的な部分は無料で、コード全部乗っけています。詳しい説明は有料という形にしたので、もしよかったら見てみてください！Google Apps Scriptで自動ツイートする… https://t.co/tmoPuFlFtn,15,3,20
309,9.88823811297432E+017,2018-04-24 16:55:42,開発者が嬉しいことと、開発を勉強している人が嬉しいことと、ただ使う側にとって嬉しいことは全然違う。開発者でエンドユーザーの視点で作るのってやっぱり難しいんだろうなぁ。,15,1,6.66666666666667
627,9.84085863888962E+017,2018-04-11 15:08:48,変態でも機械学習エンジニアでもないですが、めっちゃいろいろお話聞かせていただきました。すごく勉強になった！すけべではあります。 https://t.co/t36JX06nDe,15,1,6.66666666666667
771,9.82031165597991E+017,2018-04-05 23:04:09,昨日話してて本当にフリーランスやろうか迷った。フリーランスになったら、冒険できる案件と、生活を維持しつつ能力がつく案件両方やりたいな。スキルがないけど、それをうまくデザインできたらめっちゃいいな。,15,1,6.66666666666667
51,9.91098317714043E+017,2018-04-30 23:33:47,この感覚、本当に正しいから！めっちゃ応援したいこの子！ https://t.co/ZRSSJ5YkZq,15,1,6.66666666666667
655,9.83653554928861E+017,2018-04-10 10:30:57,いわゆるエンジニアでなくても、絶対プログラミングは学んでおくと得することが増えると思います。だって、ルーティン減るって、その分死んでた時間を取り返すってことですからね。知り合いの営業マンのひとは、朝のルーティン作業プログラミングで自動化してその分ゲームしてるんって言ってましたよ笑,15,1,6.66666666666667
40,9.9114222553804E+017,2018-05-01 02:28:15,1カ月に2万RTと5万RTのサービス2つリリースした後に僕の身に起こった3つのこと｜Dai @never_be_a_pm｜note（ノート） https://t.co/JSdudZkQsF,15,1,6.66666666666667
34,9.91206103731003E+017,2018-05-01 06:42:05,『素人革命』馬鹿だから手を出せるって実は強いのかもしれないhttps://t.co/ppjoifGjhX,15,2,13.3333333333333
660,9.83649227841548E+017,2018-04-10 10:13:45,案件取るために、ひたすらやったことは実際に動くものを作りまくることなんだけど、売れるに値するもの作るためには既存のプロダクトのチュートリアルを写経しまくるのが一番オススメ。あとはそれらの機能の組み合わせで、作りたいものは作れる。,15,5,33.3333333333333
484,9.86262928964764E+017,2018-04-17 15:19:40,ツイッター自動いいねツール、わりと完成してきた。今日の成果としては・crontabの設定（ON OFF）・crontabの削除までをGUI上でできるようになったので、・crontabの日時指定をUI上でやる・実行結… https://t.co/1g2GWFOM2m,15,0,0
1307,9.72390937853813E+017,2018-03-10 08:37:20,この1週間くらいで女性フォロワーが圧倒的に減ったぞ！,15,0,0
998,9.78447717386019E+017,2018-03-27 01:44:49,難しいことを難しい書くのはとても簡単だけど、ほとんどの技術ログって自分にわかる形の忘備録として書いているから、その情報を欲している人との前提知識の乖離があるんだよなぁ。それをログ残してる人が丁寧に書く義務もないし、となるとそれをマネタイズする方向で解決するのは必然な気がする。,14,4,28.5714285714286
1299,9.72468372674814E+017,2018-03-10 13:45:02,転職の時に「何かプライベートで作られた成果物はありますか？」って聞かれて、Lineでエロ動画見れるアプリとか、AIが写真と似てるAV女優教えてくれるアプリとかしかなくて、違う意味で落ちそうで怖い。,14,3,21.4285714285714
595,9.84748595042664E+017,2018-04-13 11:02:15,毎日スケべAIに献金してくれてる人がいる....スケベすぎる....,14,2,14.2857142857143
915,9.79857271948636E+017,2018-03-30 23:05:53,Qiitaのエロサイト化に進展がみられる https://t.co/2bWL2ksZPK,14,3,21.4285714285714
586,9.84800678181614E+017,2018-04-13 14:29:13,デバイスが普及した時に、ツイッターよりもより密な関係ができるのはきっとVRチャットなんだろな。VRチャットで焚き火を囲んで人生相談聞くって体験、普通にやばいだろ。アバターと空間は人間性の壁を超越してる。未来すぎるだろ。ってなった時に現実世界ができることってなんだってなってる。,14,4,28.5714285714286
1374,9.70225512839656E+017,2018-03-04 09:12:42,ブログ更新Python 機械学習のための画像収集②：Pythonで、DMMの女優検索APIから、AV女優2840名の身長・バスト・カップ数・ウェスト・ヒップ・生年月日データを取得しました。… https://t.co/7zxmA5edWS,14,4,28.5714285714286
399,9.87727742106943E+017,2018-04-21 16:20:19,人生をIssueで管理することにした。ライフハック。 https://t.co/7bmWz2YA59,14,4,28.5714285714286
178,9.9012825262574E+017,2018-04-28 07:19:05,昨日会社でいきなり中国人の同僚に「このチーム　多部未華子　似ている人　いる　DAIさん」って言われたので、Slackのプロフィール画像が大幅アップデートされて多部未華子になった,14,0,0
197,9.89894791071654E+017,2018-04-27 15:51:24,UX・教育・エンジニアリング・マーケティングができる人材になりたいなぁ #10年後の仕事図鑑 https://t.co/N448nWwDMM,14,1,7.14285714285714
731,9.82825441873379E+017,2018-04-08 03:40:20,【悲報】 トイレの鍵が壊れてトイレから出られなくなりました,14,1,7.14285714285714
236,9.89506339196949E+017,2018-04-26 14:07:50,お金がなくて困る経験をしていない裕福な家庭で生まれたからこんなこと言ってるのかもしれない。だた直近お金はたまってくれたら心の安定にはなるけど、それを交換するための消費するモチベーションが一切ないので、たぶんたまる一方だなぁ。税金は日本ではなくGoogleに払いたい。,14,2,14.2857142857143
813,9.81166241153864E+017,2018-04-03 13:47:15,今は全然受託はやってないけど、昔プログラミング初心者からWeb案件とるためにいろいろ試行錯誤して、すっごく大変だったのでまとめたnoteです！有料ですが興味がある方いらっしゃれば。初心者からWeb案件はむずいのでほかの案件やったほ… https://t.co/FgX6erCUwD,14,2,14.2857142857143
200,9.89829220351144E+017,2018-04-27 11:30:50,【定期】PythonとJavaScriptで似たAV女優を教えてくれる人工知能アプリケーションが創れる、「変態博士チュートリアル」で、顔認識アプリが創れます！https://t.co/rl1LQkqzJx,14,2,14.2857142857143
119,9.90603494271869E+017,2018-04-29 14:47:32,技術の汎用化のペースが凄まじいので、そのスキルだけで戦おうとすると赤くなりやすそう。コモディティ化した技術をいかに現実の課題に落とし込んで課題を解決するかのデザインこそアーティスティックだし、イケてる前略なのかもしれない。… https://t.co/RA8q1mqVdR,14,8,57.1428571428571
1092,9.76646921174508E+017,2018-03-22 02:29:05,セクマイ向けのも作ってみたら面白そうだなぁ。あと女性用AVの需要もありそうだもんなぁ。女性がAVをどうやって選ぶのかヒアリングしたい。 https://t.co/Rf0ZAgQiYj,13,6,46.1538461538462
1747,9.60293591460463E+017,2018-02-04 23:26:48,スクレイピングオフ会やりたい（スクレイピングしたいサイトから協力してデータ取得するみたいな）,13,2,15.3846153846154
1846,9.57220054478725E+017,2018-01-27 11:53:39,#ATOMATOMの中にターミナルのプラグイン入れたけど超絶はかどる https://t.co/2Kpk2RH8f7,13,2,15.3846153846154
932,9.79661745944871E+017,2018-03-30 10:08:56,その辺の知識はちょっとHTTPの通信とか、Web APIの仕組みとか、Progateで学ぶJSのコース学ぶくらいでできるので、なんかWeb APIでマッシュアップアプリを作ってみたいならこれめっちゃオススメします(Web APIを… https://t.co/rmhpw0o3e8,13,0,0
914,9.79911190045327E+017,2018-03-31 02:40:08,Qiitaは2018年からエロサイトになることが決定しました。 https://t.co/oE3eSjvbb6,13,1,7.69230769230769
889,9.80031128085062E+017,2018-03-31 10:36:43,普通に社会人でもミーティングで「ちんちんびろろーん」とか言える社会を作りたいので、そういう理念で起業したい。,13,2,15.3846153846154
198,9.8988679614097E+017,2018-04-27 15:19:38,個人か法人かそろそろ決めて税金対策しないと死ぬな。変動所得だから予想できないのが辛い。税金考えねば。,13,0,0
464,9.8653876678851E+017,2018-04-18 09:35:45,イエスも当時その時のマイノリティを布教した。社会的弱者が布教しやすい。#完全教祖マニュアル https://t.co/L6Si8Lcyh8,13,0,0
380,9.87981558282776E+017,2018-04-22 09:08:53,チュートリアルの設計で大事なのは・現実上の課題に対して解決している場面をデザインできているか（実用性）・既知の知識をもとに次のステップを推論できるか（接続性）・誰が同じようにやっても同じ結果が得られるか（再現性）・その知識… https://t.co/lN3ZO9zcWs,13,3,23.0769230769231
388,9.87852803560243E+017,2018-04-22 00:37:16,AIスピーカーって、基本IF THEN式の処理だからよく考えたら全然AIじゃなくて、音声入力とそのパターンをたくさん揃えてるだけだよなぁ。それを「AIスピーカー」という名前で、マーケティングした最初の会社は頭がよいと思う。,13,3,23.0769230769231
208,9.89689424085631E+017,2018-04-27 02:15:20,・未経験者が作った文字おこし君をツイッターで公開・ツイッターで知った知り合いにLI使ってもらうことで、サービスを使ってもらえる満足感を得る・使ったユーザーもプログラミングに興味を持ち、noteを購入するここまでの流れをデザインして拡散していこう。,13,4,30.7692307692308
170,9.90247169427886E+017,2018-04-28 15:11:37,仕事が違うなって思ったら、完全に自分のやりたいことをプライベートでやることで仕事につながることもあるし、一番良くないのは惰性だと思う。恋愛もそうだけど、誰にとっても惰性ってハッピーではない。,13,2,15.3846153846154
699,9.82992635437531E+017,2018-04-08 14:44:42,発達障害っぽい人の熱量を社会に活かせる仕組みにしたい,13,0,0
444,9.86965029898498E+017,2018-04-19 13:49:34,#Aidemy機械学習概論なう。画面を半分表示にするとタイトルと被るのが少し気になるけど、ここまでめっちゃくちゃわかりやすかった！実際にコードを書く。 https://t.co/SYbztknZk5,13,0,0
705,9.82945931120136E+017,2018-04-08 11:39:06,一日かけてPythonで定期的に自動いいねを実行するスクリプトが欠けたぁ　助けてくださって本当に助かりました！https://t.co/0adoTddWlA,13,2,15.3846153846154
788,9.81892941131035E+017,2018-04-05 13:54:54,ずっとクソコードでチュートリアルを書いてて、罪悪感を感じてたけど、それが誰にとって価値があり、誰にとってクソなのかがわかってよかった、抽象化は教育者にとっての価値で、学習者にとっての価値はクソコードなのかも知れない。,12,4,33.3333333333333
465,9.86538436969419E+017,2018-04-18 09:34:27,取り込みやすい「童貞」#完全教祖マニュアル https://t.co/GiBFDBMpqf,12,1,8.33333333333333
1076,9.77131652286628E+017,2018-03-23 10:35:14,気づいたらスケベアルファアカウント(実名顔写真公開処刑)になっていた。,12,0,0
702,9.82983358790562E+017,2018-04-08 14:07:50,自分自身も、今なかなかエンジニアにスキルチェンジしようと思ってもしにくい環境だし、これをもっと未経験でも学習パスがしっかりしてればなんとかなる仕組みにしたいなぁ。,12,0,0
88,9.9080780563959E+017,2018-04-30 04:19:23,Progateのコミュニティ作成あｈ・Retention・Referralの仕組みでもすごくイケてるのでパクりたい#グロースハック #UX https://t.co/V5Mnoo8yHV https://t.co/qihV6XfCSH,12,1,8.33333333333333
189,9.90079591657046E+017,2018-04-28 04:05:44,絶対エンジニア転職考えている人見た方がいいです！！ https://t.co/RiqfneJQ1q,12,1,8.33333333333333
1558,9.66115928659214E+017,2018-02-21 01:02:41,#GAS相席アナライザーというWebアプリを作りました。メイン機能としては、都内相席居酒屋の現在の在席情報をグラフで表示。また、店舗ごとに過去の入店データを時系列グラフにして表示し、どのタイミングで入るとマッチングしやすいかを分… https://t.co/Kn0SQbuNyE,12,4,33.3333333333333
269,9.89262699233137E+017,2018-04-25 21:59:41,工場型教育は、すべてのパーツを少しずつはめていけば完成できるという前提で、教育する側としては効率的なんだけど、学ぶ側としたら、なんでこれを学ぶ必要があるのかという視点が欠けやすいのよねぇ。 https://t.co/iKdJpB8V51,12,0,0
164,9.90373445211898E+017,2018-04-28 23:33:24,もちこさん（@CO_mochi_mochi）のブログめっちゃくちゃ面白い。　売れるAV女優の予測とか、統計的なアプローチできたら面白そうだなぁhttps://t.co/7g9Jcc1qs3,12,2,16.6666666666667
162,9.90374690358153E+017,2018-04-28 23:38:21,売れるAV女優は出演AV数かなこれを・元芸能活動の有無・カップ数・デビュー年・年齢みたいな変数で予測するモデル作れないかな,12,2,16.6666666666667
101,9.90758702935257E+017,2018-04-30 01:04:16,すべてのサービスには1. 誰の2. どんな課題を3. どうやって解決するかという要素がある。が、課題がないのにプロダクトを作り続けて詰むことがあるので仮説検証する必要がある #グロースハック https://t.co/cLVzBXQiLf,12,1,8.33333333333333
100,9.90759102480507E+017,2018-04-30 01:05:52,スタートアップが失敗する理由で一番多いのは、マーケットのニーズがないパターン #グロースハック https://t.co/UCBqoIHH8N,12,4,33.3333333333333
862,9.80346388599816E+017,2018-04-01 07:29:27,ProgateがAPI出してくれたら、例えば技術職のインターン採用でここまでできた人だけ募集可能とかできるだろうし、そうすると今度採用のためにProgate使う人増えるかもしれないし、可能性あるなぁ。ちゃんと月額払って学ぶ気がある… https://t.co/c4kHbrxB9R,12,0,0
320,9.88805951225393E+017,2018-04-24 15:44:44,800ユーザー。スケべは際どいが今回は老若男女いけるのでユーザー数もっと増えそう！ https://t.co/24siJSd0gH,12,0,0
2068,9.52440360332018E+017,2018-01-14 07:20:52,PythonでMySQLにデータを挿入する方法、まとめました。https://t.co/2etkGRl0X3,12,4,33.3333333333333
2369,9.4224129134098E+017,2017-12-17 03:53:24,社内ではほとんどプログラミングしてないんだけど、独学でどこまで稼げるようになるのか社会実験してる。将来的には30万円くらいの案件を月に2つくらいできるようになれると最高。それを独学でできたら、まだ誰も言語化してない記事を書けるし、夢があるから絶対面白いとおもう。,12,2,16.6666666666667
91,9.90797423608873E+017,2018-04-30 03:38:08,世界での最高の職が面白い・データサイエンティスト・UXデザイナー・QAエンジニアユーザー体験の最大化が今後大事になってくるのだろうか。 #UX #QA https://t.co/sZ6dnw87tO,12,4,33.3333333333333
1101,9.76611562180903E+017,2018-03-22 00:08:35,スケベ基金にご協力いただき、誠にありがとうございました。なるべく私利私欲のために使わないように頑張ります！スケベR&amp;Dにご協力いただける方はこちらからよろしくお願いします。https://t.co/UfZPRb8kf4 https://t.co/vUwCQut9PD,12,4,33.3333333333333
1543,9.66561389069259E+017,2018-02-22 06:32:47,RubyはRailsチュートリアルがある一点において個人的にはオススメしてます。ルーティング、バージョン管理、UI(bootstrap)、サーバー構築、DB・テスト駆動開発等が全部載ってます。Webアプリ作るのに包括的な知識が手に… https://t.co/jjMuFVv6q4,11,2,18.1818181818182
1994,9.54525937839751E+017,2018-01-20 01:28:12,趣味でプログラミングのメンターをやっているのですが、プログラミング初心者がエラーが出たときにどういう風に解決すればいいかまとめました。基礎的なことですが、初心者だと知らない人も多いと思います。https://t.co/wcHgoI7GLO,11,1,9.09090909090909
1260,9.73702538565333E+017,2018-03-13 23:29:10,Udemy割り勘してみんなで一日で学習するイベントをやりたい。ホワイトハッカー系で面白そうな動画あるんだよなぁ,11,0,0
516,9.8581795966158E+017,2018-04-16 09:51:31,noteが優れている点は、まだ売れるか売れないか分からないコンテンツを早く市場に出して検証できるところにあると思う。大きいところだとリターン予測できないと動けないけど、スモールスタートできるのがいいとこよね。,11,0,0
334,9.88757460772053E+017,2018-04-24 12:32:03,やっとGoogle Vision API使ってGoogle Apps Scriptから画像認識で文字検出するのに成功した。長かったorz次はLINEとつなげる。,11,0,0
298,9.88983667190985E+017,2018-04-25 03:30:55,【定期】初心者でもJavaScriptだけで創れる、「変態コンシェルジュ・チュートリアル」は、Web APIを利用したアプリケーション構築の方法をプログラミング未経験の初心者向けに解説しています！https://t.co/ENb8D4x1mS,11,0,0
1095,9.76643546617758E+017,2018-03-22 02:15:41,普通に400人が使うと無料枠の顔認識APIはすぐにパンクするなぁ。,11,5,45.4545454545455
496,9.86185175825445E+017,2018-04-17 10:10:43,宗教のリターンは、コストが高ければ高いほどリターンを感じやすくなる。商材ビジネスと一緒で、高ければ高いほどリターンがくるという気持ちになる。教祖はビジネスだな #完全教祖マニュアル https://t.co/LfywgMbqMn,11,1,9.09090909090909
1073,9.77159839892648E+017,2018-03-23 12:27:15,はい、多く見積もって16万円です。残りは僕が私利私欲のために使いたい費用が14万円です。 https://t.co/uaquigiUjM,11,3,27.2727272727273
741,9.82776802283147E+017,2018-04-08 00:27:03,日曜日の朝に、嫁にコーヒーを入れるのが好きだぁ。,11,0,0
1057,9.77329848447201E+017,2018-03-23 23:42:48,今回技術的に一番難しかったのは、ネットの限られた空間の中で学習データをどうやって集めてくるかってこと。ある程度スクレイピングやらでとってきたけど、結局質の高い画像を取捨選択するのは、ある程度人がやらないとできないところで、めっちゃ泥臭かった。こういうところに人件費回せたら最高。,11,3,27.2727272727273
1019,9.77899980592636E+017,2018-03-25 13:28:18,スケベAI、実は一切難しいことしてないんですよね。API使ってやってるだけなんでまさに初学者向けなのでおすすめです。はてぶでブックマークつける方法とかは普通に怪しいですよね見た目笑　はてぶでバズり方は興味ある人は読んでみてください笑 https://t.co/1PBVNicnG2,11,3,27.2727272727273
778,9.81898319545843E+017,2018-04-05 14:16:16,Progateは絶対UXは世界で通用するレベルだと思う。というか環境構築をこのタイミングでカリキュラム用意するの、設計の天才だと思う。普通にエンジニア人の当たり前の経験取り入れたらここまでスケールしなかったと思う。そういう意味でマジで初心者のこと考えてると思う。,11,1,9.09090909090909
807,9.81330867992711E+017,2018-04-04 00:41:25,実際案件取りたい！と思って、クラウドソーシング系のサイト見て回ってみれば、技術力はそこまで求められないけど競合性が低い案件とかあるから、そこに絞って提案してみたら普通に案件とれる。提案の仕方にはコツがいるけど。,11,1,9.09090909090909
810,9.81187893799502E+017,2018-04-03 15:13:18,やっとDBとVIEWをつなげられてきたので、今度はこれでツイッターのAPIとつなげて自動いいねツールを作ってみる！いい感じなのでコミットしたら寝る。 https://t.co/nBJ5nGUpUv,11,1,9.09090909090909
315,9.88809991581717E+017,2018-04-24 16:00:47,そっか、エラーレスポンスしっかり返さないと問い合わせ増えるのか！これ品質保証でやったやつだ！,11,2,18.1818181818182
934,9.79660473795691E+017,2018-03-30 10:03:52,思いつくだけでも・女の子の画像を入れると森三中にどれだけ似てるのか判定してくれるbot・とった写真を文字起こししてくれるbotこういうbotもGoogle Apps Scriptと各種API混ぜるだけで結構なことできますからねー。すごくおもろいですよ。,11,1,9.09090909090909
324,9.88796658812051E+017,2018-04-24 15:07:49,AIアプリ作ってると、人工知能が雇用奪うってのが、時間をひたすら投資するレッドオーシャンの仕事（例えば主婦バイトの文字起こし的なやつ）から消えていくんだぁと感じる。ブラックボックスでもAIを使いこなせる人はこういう記事でnoteで… https://t.co/FK5GJQNSBY,11,0,0
1068,9.77306247664779E+017,2018-03-23 22:09:01,こうまでして止めたいと思う人がいらっしゃるなら作るのやめます。僕も人を傷つけるプロダクトは作りたくないので。ただ、人の名前を使って迷惑をかけるのはやめて欲しいところ。直接ご連絡いただければすぐに対応するのになぁ。 https://t.co/IUOD5UBt6V,11,3,27.2727272727273
1351,9.7064763754317E+017,2018-03-05 13:10:05,AV女優のカップ数(N=2237 )Dカップがボリュームゾーンになるようだ。Pythonでおっぱいそんである。 https://t.co/Vbnjh7FIWS,11,0,0
93,9.90791651932041E+017,2018-04-30 03:15:12,『スマホUI考（番外編）　なぜ機能追加をし続けるとアプリが破綻するのか？』・過剰な自由度と選択肢は逆効果・意思決定は有限のリソースである・機能の追加は、利便性と引き換えに「画面スペース」「将来の拡張性」「一覧性」を消費する… https://t.co/D64DCuAUdy,11,1,9.09090909090909
46,9.91103362669015E+017,2018-04-30 23:53:50,あとこの人の何がすごいかというと、「ひも力」があるからだと思う。他人におごらせたいと思える力ってここから20-30年間マジで大事だと思う。超ひも理論。,11,1,9.09090909090909
226,9.89544017623859E+017,2018-04-26 16:37:33,ホワイトカラー正社員で外の世界見ずに「3年間は働く」って言ってる人はサンクコストが働いてる可能性もある。1年おきに職務経歴書書いて市場価値みないとホワイトカラーこそ茹でガエルってのありそうそれが怖くてポートフォリオ分散してる… https://t.co/fku82lGpLM,11,2,18.1818181818182
265,9.89268103392457E+017,2018-04-25 22:21:10,プログラミング始めたての人に保守性の高いコード教えても、よくわからないでしょ。たくさんアンチパターン踏んで、例えばhogeNameとhoge_name混同してスクリプト書いて、たくさんエラー出してからコード規約学ぶのでもいいと思うし。順番が間違ってると思う。,11,0,0
130,9.9052318282514E+017,2018-04-29 09:28:24,ソーシャルのホワイトハックの方法は、基本的にひたすらフォロワーにとって有益なコンテンツを提供しまくることに限ると思う。数字のかさ増しは信頼度と密接に紐づくソーシャルではネガティブに働くから、能動的に認知させて、良いコンテンツを発信し続けることなんだろうなぁ。,11,0,0
22,9.91296902254637E+017,2018-05-01 12:42:53,技術を目的にせず、民主化してみんなのための手段にすることこそ、20年代が目指す世界だろうし、技術のビートルズって歴史を見てるとあり得る感じがする。子どもでもプログラミングする時代、ギルド的に技術をクローズドにする必要はない。,11,0,0
42,9.91125995598971E+017,2018-05-01 01:23:46,1960年代にビートルズが出てきたときに音楽と社会を変えた。若者は、技術じゃなくてエモで社会を変えられることを知った我々がお金を払うのは技術ではなく体験だし、技術の民主化によってクリエーターになれる人はもっと増えるはず。エンジニアリングをエモともっと組み合わせられるはず。,11,3,27.2727272727273
72,9.91057910045164E+017,2018-04-30 20:53:13,センスも経験もない初期って、延々と考えて一発目で当てようとするんだけど、それよりとりあえず面白いことやってみて、ファンの反応見ながら改善繰り返した方が現実的だったなぁ。自分のアイディアは一発目はだいたいウケない。,10,1,10
999,9.78441525431386E+017,2018-03-27 01:20:12,スケベチュートリアル、現段階で85冊売れました！本当にありがとうございます！もう少しで100冊！次はJavaScriptだけで書けるスケベなプロダクトのチュートリアルも作っているので、お待ちください！https://t.co/rl1LQkqzJx,10,2,20
24,9.91295638649192E+017,2018-05-01 12:37:52,クリエイターと、プログラミングをブリッジできる存在って実は少ないと思っていて、思い当たるあたりでもからあげ(@karaage0703 )さんしかいないことに気づいた。テクノロジーの民主化して、うまくモチベーションのデザインをしつつ、学びに活かせる人ってレアなんだなぁ。,10,1,10
564,9.85030729401713E+017,2018-04-14 05:43:21,誰か今日VR Chat案内してくれる人いますか？日本人のワールド入ってなくて、ちょっと慣れてないです&gt;&lt;,10,10,100
4,9.91533611940696E+017,2018-05-02 04:23:29,ProgateのスマホアプリでPython学習コースがリリース！これからプログラミングやってみたい人必見です！通勤中も学べるぞ！！ https://t.co/VYP9zZWLOY,10,5,50
493,9.86190876077511E+017,2018-04-17 10:33:22,内容どうこう関係なく、誰かがこう言ったことを無条件に信じれば、それは教祖性を帯びていることになる。「つまり 、イスラム教徒とおばさんたちの違いは 、ムハンマドの預言に従うか 、みのもんたの御託に従うかの違い」#完全教祖マニュアル https://t.co/tHsrCVms9c,10,2,20
2020,9.53448077200843E+017,2018-01-17 02:05:10,bitcoinの自動売買システムを作ろうとしている初心者のgithub集めて、private apiのシークレットキー抜き出したら普通に億万長者になれそうだなぁ。同じこと考えてる人たぶん多いだろうから、ここはかなりセキュリティホールになりそう。,10,3,30
1318,9.7227986013449E+017,2018-03-10 01:15:57,#やりたいこと新しく作るAV女優の画像認識AI「へんたいはかせ」をグループラインに入れ、画像を送信すると、それに似たAV女優の名前がリストで出てくるそこに前に作ったDMMサンプル動画紹介Bot「へんたいコンシェルジュ」を一緒に… https://t.co/I8mjqRNLim,10,1,10
1653,9.62482504732098E+017,2018-02-11 00:24:45,#GASNews Picksのフォロー・フォロワー数・被いいね数を1分おきに取得するスクリプトを書いた。これでどういうことをつぶやいたら、フォロー数・いいね数が上がるのか分析することができそうである。 https://t.co/SStM0IPlrP,10,1,10
2626,9.37238755466818E+017,2017-12-03 08:35:07,やっと個人で受託案件で稼げた。6000円だけど、それでも嬉しいなぁ。,10,0,0
1091,9.76669260918371E+017,2018-03-22 03:57:52,婚活はかなりありっぽい。 https://t.co/8ESZoaYgVJ,10,2,20
223,9.89547873896313E+017,2018-04-26 16:52:52,情報メタボ、いい言葉だ。#10年後の仕事図鑑 https://t.co/ZrtZpHLkQ7,10,1,10
505,9.86053092297732E+017,2018-04-17 01:25:51,完全教祖マニュアル、優れたマーケティング哲学本では？「困ってなければ困らせる」「できるだけ簡単に利益が出ることを伝える」とか。確かに教祖がいる人がやってる行動ではある。#完全教祖マニュアル,10,1,10
329,9.88788067392631E+017,2018-04-24 14:33:40,それをいうと極論言うとCUI上でAPIたたけばいいですよね。LINEのインターフェイスで実現できるようにする意味は、どんな人でも使えるユーザービリティだけなんです。プログラミングを知らない中学生でも、ノートコピーして～とか頼まれた… https://t.co/zUBmajlRdq,10,1,10
129,9.90530899820216E+017,2018-04-29 09:59:04,技術チュートリアルのコンテンツ作成・Web集客・マーケティング術をまとめました。確実にこれやればうまくいくとは言えないですが、僕がマーケするときに気を付けていることをまとめました。これからどんどん思いついたことを加えていく予定なの… https://t.co/VqqIPtc7xL,10,7,70
955,9.79325233059455E+017,2018-03-29 11:51:45,スケベサイエンティストを認定資格にして、スケベ教祖になって月50万円稼げないかやってみよう。もしこれでうまくいったら、めっちゃおもろいな。,10,0,0
364,9.88368919176999E+017,2018-04-23 10:48:07,早くVR出社の時代こないかなぁ。実験したいなぁ。VR出社OKにしたら優秀なエンジニア来そうな気がする,10,0,0
1589,9.6492520669007E+017,2018-02-17 18:11:11,すごいな。「物理的に領土が占領されて政府が機能しなくなったとしても、インターネット上にソフトウェアとしての政府があれば、IDカードを持った国民がそこにアクセスすることで、エストニアという国とし...#NewsPicks https://t.co/XIsDqWcigR,10,8,80
482,9.86410272804897E+017,2018-04-18 01:05:10,AWSとか使って、エンジニアが定期実行組むのは超簡単なんだけど、そうじゃなくてWeb アプリ上でプログラミングできない人が簡単にジョブを仕込めるようなアプリってどうやって作ってんだろう。鬼ったーとかアプリ上で簡単にできるもんなぁ。https://t.co/KgM3Lm0GwY,10,2,20
989,9.78622834493735E+017,2018-03-27 13:20:40,ドローンと顔認識で好みの女の子を渋谷から見つけるプログラム作りたい。Hololensとジェスチャーで制御する。これ誰か投資してくれないかなぁ。Face APIで好みの女の子を学習してハードウェアで拡張するだけなんだよなぁ。,10,4,40
47,9.91102631648027E+017,2018-04-30 23:50:55,金貯めるよりも熱い人材に投資したほうが圧倒的にいいな！！,10,0,0
458,9.86775957133406E+017,2018-04-19 01:18:16,割と反響があったので、記事を少し加筆修正しました～。Githubのイシューにログを残すってところです。『プログラミング独学者に超絶お勧めの5つの勉強法をまとめてみた』https://t.co/qMpuXBEY2x https://t.co/Jq3J0XEUNL,10,1,10
413,9.8767616748118E+017,2018-04-21 12:55:23,今の子供たちは、Youtuberというモデルで、一度作った動画が見られることによって収益を上げられるコンテンツ資本の強さを知っているので、絶対に僕らの世代よりも経済回す世代になる。,10,2,20
631,9.84019412314358E+017,2018-04-11 10:44:44,クリエイティブ労働でモチベーション低下しないのは経済資本が入って湧き出てくる保障がある環境下だから、そういう意味でベーシックインカムもらいながらサイドワークでやってくのは意外と悪くないのかも。サイドワークでクリエイティブ労働、十分稼げたらメインワークにする感じ。,10,2,20
408,9.87697072563413E+017,2018-04-21 14:18:27,本当にそれ https://t.co/0Ig9oCHAqr,10,0,0
152,9.90410597358453E+017,2018-04-29 02:01:02,誰もやってないことをひたすら仮説検証してそれが当たるとどんどんチュートリアルを書けるので、やっぱりブルーオーシャンかもしれないところにひたすら施策打つって長期的に強いんだよなぁ　短期だとまったくよくないんだけど。,10,1,10
891,9.80028613905941E+017,2018-03-31 10:26:44,今までのブログ収益とかもろもろの収益全部下ろしたら50万円くらいになってびびった笑,10,0,0
2186,9.50867252454158E+017,2018-01-09 23:09:53,僕あまりデータ分析は詳しくないけど、スクレイピングできると材料がわりとなんでも取れるからおすすめ。普通にオープンデータで面白いものそんなに見つからないけど、スクレイピングできるとあらゆる数値データ取ってこれる。Pythonに前処理だけやらせてTableauでビジュアル化してた。,10,3,30
1334,9.71424822826643E+017,2018-03-07 16:38:20,作ったLineでDMMのサンプル動画見れるBot、めっちゃくちゃ使われてて深夜に超感動しているんだけど。メッセージ受信数6112だから、少なく見積もっても100人くらい絶対これで自慰行為してるでしょうコレ。超うれしい。 https://t.co/qn57uah5XP,10,2,20
1064,9.77321111108035E+017,2018-03-23 23:08:05,寄付とは言え、独学で作ったプロダクトでマネタイズできているの、ちょっと嬉しい。頑張ったかいがあった。,10,0,0
578,9.8480580005179E+017,2018-04-13 14:49:34,オタクがなぜコミュ障なのかというとおそらく話の共通の最適解を持ってないからだと思う。そしてそれがツイッターによって線でつながれたけど、デバイスが民主化してVRにきたら、コミュ障の定義が変わりそう,10,1,10
64,9.91070853772145E+017,2018-04-30 21:44:39,昨日ミュージシャンの人と飲んでたけど、クリエイターはみなリーンスタートアップを読んだ方がよいと思う。市場にウケるかどうか分からない段階でどうマーケティングするかって課題は、クリエイターもスタートアップと変わらん気がする。,10,0,0
1083,9.76973917582639E+017,2018-03-23 00:08:27,"Face APIのアクセス制限もかかっていました。Microsoft Azure Face APIの利用は、30,000 トランザクション / 月なので、これを超えると1カ月間使えなくなってしまうようです。… https://t.co/RvN0Tj5zHn",10,2,20
28,9.91254271990493E+017,2018-05-01 09:53:29,バイアスだらけの学習データで無理に予測するのではなく、予測しえないものに一種の諦めを持つ勇気が必要だし、それよりその線形予測できないものをひたすら学習データをもとに強化学習されて、強引に目的変数を算出できるモデルを自分で作る生き方の方がイケてる気がするんだよなぁ。,10,0,0
1256,9.74080062977851E+017,2018-03-15 00:29:19,なにこれ！リアルグランドセフトオートできるじゃないか！ https://t.co/QWqzw6ViAw,10,1,10
71,9.91058412015206E+017,2018-04-30 20:55:13,アイディアを形にしただけで、他の人より50歩先に行ったと見ても良さそうだなぁ。ほとんどの人は形にしたいと思っても、ウケないこと、批判されることを恐れて動き出さないから、アウトプットが継続するだけで超有利になると思う,10,2,20
231,9.89536261315555E+017,2018-04-26 16:06:44,子供の頃にダーマ神殿で複数の職業掛け持ちしてた世代だけど、この感覚もめっちゃわかる。マーケ・エンジニアリング・教育のバックグラウンドがいまめっちゃくちゃ組み合わされていい感じになってる。#10年後の仕事図鑑 https://t.co/gC2Xea518j,10,1,10
562,9.85042358365385E+017,2018-04-14 06:29:34,VR Chat、Japan Town入ったけど知らない人しかいなくて話せねぇｗ,10,2,20
277,9.89164711810712E+017,2018-04-25 15:30:19,そうそう、これをなくしたかった。授業中に自習して授業聞かなかった組なので、ノート取らないと死ぬやつは許せんかったのだよなぁ。レジメで配れやって憤りがおおきかった。その辺の解決されるかなぁ。 https://t.co/6vMrhYk5T9,10,7,70
950,9.79499482638271E+017,2018-03-29 23:24:09,やっぱり、ずっと根幹には人のエンパワメントに興味があるなぁ。学習の成果は基本ここのパフォーマンスではなく、仕組みがオワコンになっていることが多い。うまいこといい感じの仕組み作って、人が楽しみながら成長するのってめっちゃくちゃエモいな。,10,3,30
295,9.89104450949206E+017,2018-04-25 11:30:52,【定期】PythonとJavaScriptで似たAV女優を教えてくれる人工知能アプリケーションが創れる、「変態博士チュートリアル」で、顔認識アプリが創れます！https://t.co/rl1LQkqzJx,10,4,40
13,9.91501930630234E+017,2018-05-02 02:17:36,noteで自分のコンテンツを売るときに、Google Analyticsみたいなものがあったらよいなぁ。どこから流入しているのかとか分析したい,10,0,0
785,9.81894572685971E+017,2018-04-05 14:01:23,初心者にとってのコンテンツが少ない心理的な要因が少し見えた。僕みたいに独学だけど一応プロダクトつくれるレベルだと、コードの美しさとか気にしないでつくる。でもガチモンのプログラマーは、クソコード書いて発信するのは恥ずかしい。つまり僕みたいにクソコードで発信する人がそもそも少ない。,10,2,20
745,9.82558728770666E+017,2018-04-07 10:00:30,「セコイ」とかなんとか言う人がいると思うんですが、希少性の高く需要の高い価値のある情報を公開するモチベーションなんて提供する側にはあまりないと思うんですよね。だから本来出なかった情報がマネタイズできる形にするから出てくるって側面もあると思うのです。,10,2,20
289,9.89144357369401E+017,2018-04-25 14:09:26,いろいろメディアにも載せてくれてありがたいですなぁ超便利！「文字起こし君」LINEに画像送信するだけでAIが自動で文字起こしhttps://t.co/aSeLHsPMB8,10,0,0
919,9.79712072719024E+017,2018-03-30 13:28:54,おそらくこれからQiitaにWeb API系で簡単に遊べる系の記事が増えて、ちゃんとしたエンジニアが「お前ら何も知らないくせに」みたいなコメントが増えてくると予想。,10,1,10
249,9.89444572752179E+017,2018-04-26 10:02:23,ちなみに、偏差値という言葉を使ったのもさっきの両方のパイをとりたいからです。・偏差値高い人:偏差値80とかおかしくね？・偏差値低い人:偏差値低い人ばかにしてるんですかー？これがとても上手のは @IHayato さんとかですね。,10,2,20
255,9.8934605866788E+017,2018-04-26 03:30:56,【定期】初心者でもJavaScriptだけで創れる、「変態コンシェルジュ・チュートリアル」は、Web APIを利用したアプリケーション構築の方法をプログラミング未経験の初心者向けに解説しています！https://t.co/ENb8D4x1mS,10,2,20
717,9.82868159597183E+017,2018-04-08 06:30:04,あとそういえばLinuxコマンドのチュートリアルとかってないよなぁ。というか初心者にとってどこから入ってやればいいか全然わからない。Progateがだいぶ基本的なところをやってくれるようにはなっているけど、初学者にとってどこから入っていいのか全然わからないな。,10,0,0
762,9.82175995942716E+017,2018-04-06 08:39:40,プログラミングの自動化コンサルしてるお客さんが3日間でPython独学して、スクレイピングと定期実行処理できるようになってて超感動。本当にしっかりとできるようにカリキュラム準備してよかったー。,10,1,10
